Name,Price,Rating,Specifications,URL
"Redmi 7A (Matte Gold, 16 GB)","₹6,299","4.31,43,020 Ratings & 10,575 Reviews",2 GB RAM | 16 GB ROM | Expandable Upto 256 GB13.84 cm (5.45 inch) HD+ Display12MP Rear Camera | 5MP Front Camera4000 mAh Li-Polymer BatteryQualcomm Snapdragon 439 ProcessorBrand Warranty of 2 Years Available for Mobile and 6 Months for Accessories,https://www.flipkart.com/redmi-7a-matte-gold-16-gb/p/itm117b7c03ad185?pid=MOBFHZ4BB95WRGT4&lid=LSTMOBFHZ4BB95WRGT4PNKALI&marketplace=FLIPKART&q=xiaomi&store=tyy%2F4io&srno=s_1_1&otracker=search&fm=organic&iid=a63d34be-61bb-44ef-84c1-bd72cf7cfac8.MOBFHZ4BB95WRGT4.SEARCH&ppt=None&ppn=None&ssid=66tnwrdf6o0000001744007636274&qH=ff5e66b76340c563
"Note 4 (Black, 32 GB)","₹7,299","4.43,21,945 Ratings & 54,013 Reviews",3 GB RAM | 32 GB ROM | Expandable Upto 128 GB13.97 cm (5.5 inch) Full HD Display13MP Rear Camera | 5MP Front Camera4100 mAh Li-Polymer BatteryQualcomm Snapdragon 625 64-bit Octa Core 2GHz ProcessorBrand Warranty of 1 Year Available for Mobile and 6 Months for Accessories,https://www.flipkart.com/note-4-black-32-gb/p/itmeqe4htst9587b?pid=MOBEQ98THNGR4FD5&lid=LSTMOBEQ98THNGR4FD5FGXGLH&marketplace=FLIPKART&q=xiaomi&store=tyy%2F4io&srno=s_1_2&otracker=search&fm=organic&iid=a63d34be-61bb-44ef-84c1-bd72cf7cfac8.MOBEQ98THNGR4FD5.SEARCH&ppt=None&ppn=None&ssid=66tnwrdf6o0000001744007636274&qH=ff5e66b76340c563
"Y2 (Dark Grey, 32 GB)","₹8,199","4.560,331 Ratings & 4,089 Reviews",3 GB RAM | 32 GB ROM | Expandable Upto 256 GB15.21 cm (5.99 inch) HD+ Display12MP + 5MP | 16MP Front Camera3080 mAh Li Polymer BatteryQualcomm Snapdragon 625 ProcessorBrand Warranty of 1 Year Available for Mobile and 6 Months for Accessories,https://www.flipkart.com/y2-dark-grey-32-gb/p/itm4ce00106320c3?pid=MOBF8UKHYMJHW3EU&lid=LSTMOBF8UKHYMJHW3EU9OMASE&marketplace=FLIPKART&q=xiaomi&store=tyy%2F4io&srno=s_1_3&otracker=search&fm=organic&iid=a63d34be-61bb-44ef-84c1-bd72cf7cfac8.MOBF8UKHYMJHW3EU.SEARCH&ppt=None&ppn=None&ssid=66tnwrdf6o0000001744007636274&qH=ff5e66b76340c563
"Xiaomi 14 CIVI (Cruise Blue, 256 GB)","₹39,999","4.31,300 Ratings & 162 Reviews",8 GB RAM | 256 GB ROM16.64 cm (6.55 inch) Display50MP Rear Camera | 32MP + 32MP Dual Front Camera4700 mAh Battery8s Gen 3 Mobile Platform Processor1 Year Manufacturer Warranty for Phone and 6 Months Warranty for In the Box Accessories,https://www.flipkart.com/xiaomi-14-civi-cruise-blue-256-gb/p/itm34da1cf159d63?pid=MOBHFGU7WVYJPNEV&lid=LSTMOBHFGU7WVYJPNEVNDHOZL&marketplace=FLIPKART&q=xiaomi&store=tyy%2F4io&srno=s_1_4&otracker=search&fm=organic&iid=a63d34be-61bb-44ef-84c1-bd72cf7cfac8.MOBHFGU7WVYJPNEV.SEARCH&ppt=None&ppn=None&ssid=66tnwrdf6o0000001744007636274&qH=ff5e66b76340c563
"7A (Matte Black, 16 GB)","₹6,100","4.42,17,405 Ratings & 15,112 Reviews",2 GB RAM | 16 GB ROM | Expandable Upto 256 GB13.84 cm (5.45 inch) HD+ Display12MP Rear Camera | 5MP Front Camera4000 mAh Li-Polymer BatteryQualcomm Snapdragon 439 ProcessorBrand Warranty of 2 Years Available for Mobile and 6 Months for Accessories,https://www.flipkart.com/7a-matte-black-16-gb/p/itm117b7c03ad185?pid=MOBFHZ4B6X8WPSRK&lid=LSTMOBFHZ4B6X8WPSRKWIN5CQ&marketplace=FLIPKART&q=xiaomi&store=tyy%2F4io&srno=s_1_5&otracker=search&fm=organic&iid=a63d34be-61bb-44ef-84c1-bd72cf7cfac8.MOBFHZ4B6X8WPSRK.SEARCH&ppt=None&ppn=None&ssid=66tnwrdf6o0000001744007636274&qH=ff5e66b76340c563
"Mi 10T (Cosmic Black, 128 GB)","₹35,999","4.24,158 Ratings & 574 Reviews",6 GB RAM | 128 GB ROM16.94 cm (6.67 inch) Full HD+ Display64MP + 13MP + 5MP | 20MP Front Camera5000 mAh Li-ion Polymer BatteryQualcomm Snapdragon 865 Processor144Hz Intelligent AdaptiveSync Display33W Dual Split Flash Charge1 Year Manufacturer Warranty for Device and 6 Months Manufacturer Warranty for In-box Accessories,https://www.flipkart.com/mi-10t-cosmic-black-128-gb/p/itm58cc0f1ad2682?pid=MOBFWAFZPGHZSHA7&lid=LSTMOBFWAFZPGHZSHA7IVUTXJ&marketplace=FLIPKART&q=xiaomi&store=tyy%2F4io&srno=s_1_6&otracker=search&fm=organic&iid=a63d34be-61bb-44ef-84c1-bd72cf7cfac8.MOBFWAFZPGHZSHA7.SEARCH&ppt=None&ppn=None&ssid=66tnwrdf6o0000001744007636274&qH=ff5e66b76340c563
"Mi 11 Lite (Vinyl Black, 128 GB)","₹23,999","4.26,451 Ratings & 641 Reviews",8 GB RAM | 128 GB ROM | Expandable Upto 512 GB16.64 cm (6.55 inch) Full HD+ Display64MP + 8MP + 5MP | 16MP Front Camera4250 mAh Li-Polymer BatteryQualcomm Snapdragon 732G Processor1 Year Manufacturer Warranty for Handset and 6 Months Warranty for In the Box Accessories,https://www.flipkart.com/mi-11-lite-vinyl-black-128-gb/p/itmac6203bae9394?pid=MOBG3VSKRKGZKJAR&lid=LSTMOBG3VSKRKGZKJAR6UDWFB&marketplace=FLIPKART&q=xiaomi&store=tyy%2F4io&srno=s_1_7&otracker=search&fm=organic&iid=a63d34be-61bb-44ef-84c1-bd72cf7cfac8.MOBG3VSKRKGZKJAR.SEARCH&ppt=None&ppn=None&ssid=66tnwrdf6o0000001744007636274&qH=ff5e66b76340c563
"Note 7 Pro (Space Black, 64 GB)","₹10,999","4.57,25,199 Ratings & 59,933 Reviews",4 GB RAM | 64 GB ROM | Expandable Upto 256 GB16.0 cm (6.3 inch) Full HD+ Display48MP + 5MP | 13MP Front Camera4000 mAh Li-polymer BatteryQualcomm Snapdragon 675 ProcessorSplash Proof - Protected by P2iQuick Charge 4.0 SupportBrand Warranty of 1 Year Available for Mobile and 6 Months for Accessories,https://www.flipkart.com/note-7-pro-space-black-64-gb/p/itm410bac3ec336c?pid=MOBFDXZ36Y4DJBGM&lid=LSTMOBFDXZ36Y4DJBGM74UHYP&marketplace=FLIPKART&q=xiaomi&store=tyy%2F4io&srno=s_1_8&otracker=search&fm=organic&iid=a63d34be-61bb-44ef-84c1-bd72cf7cfac8.MOBFDXZ36Y4DJBGM.SEARCH&ppt=None&ppn=None&ssid=66tnwrdf6o0000001744007636274&qH=ff5e66b76340c563
"5A (Blue, 16 GB)","₹5,999","4.564,941 Ratings & 7,049 Reviews",2 GB RAM | 16 GB ROM | Expandable Upto 128 GB12.7 cm (5 inch) HD Display13MP Rear Camera | 5MP Front Camera3000 mAh Li-polymer BatteryQualcomm Snapdragon 425 ProcessorBrand Warranty of 1 Year Available for Mobile and 6 Months for Accessories,https://www.flipkart.com/5a-blue-16-gb/p/itmf2fwcumw7ghwy?pid=MOBF34BKHPZEPGSG&lid=LSTMOBF34BKHPZEPGSGVNKPTH&marketplace=FLIPKART&q=xiaomi&store=tyy%2F4io&srno=s_1_9&otracker=search&fm=organic&iid=a63d34be-61bb-44ef-84c1-bd72cf7cfac8.MOBF34BKHPZEPGSG.SEARCH&ppt=None&ppn=None&ssid=66tnwrdf6o0000001744007636274&qH=ff5e66b76340c563
"Redmi 10 Prime (Astral White, 64 GB)","₹9,990",4.3119 Ratings & 5 Reviews,4 GB RAM | 64 GB ROM16.51 cm (6.5 inch) Display8MP Rear Camera6000 mAh Battery1 Year Manufacturer Warranty for Handset and 6 Months Warranty for In the Box Accessories,https://www.flipkart.com/redmi-10-prime-astral-white-64-gb/p/itm4f601c2dd0f55?pid=MOBGK2GFFXXTKPJT&lid=LSTMOBGK2GFFXXTKPJTQBQ51H&marketplace=FLIPKART&q=xiaomi&store=tyy%2F4io&srno=s_1_10&otracker=search&fm=organic&iid=a63d34be-61bb-44ef-84c1-bd72cf7cfac8.MOBGK2GFFXXTKPJT.SEARCH&ppt=None&ppn=None&ssid=66tnwrdf6o0000001744007636274&qH=ff5e66b76340c563
"Xiaomi 14 CIVI (Panda White, 512 GB)","₹44,999",4.3595 Ratings & 52 Reviews,12 GB RAM | 512 GB ROM16.64 cm (6.55 inch) Display50MP Rear Camera | 32MP + 32MP Dual Front Camera4700 mAh Battery8s Gen 3 Mobile Platform Processor1 Year Manufacturer Warranty for Phone and 6 Months Warranty for In the Box Accessories,https://www.flipkart.com/xiaomi-14-civi-panda-white-512-gb/p/itm2923c672161ab?pid=MOBH3YHARFSTRHHT&lid=LSTMOBH3YHARFSTRHHTSUBEK8&marketplace=FLIPKART&q=xiaomi&store=tyy%2F4io&srno=s_1_11&otracker=search&fm=organic&iid=a63d34be-61bb-44ef-84c1-bd72cf7cfac8.MOBH3YHARFSTRHHT.SEARCH&ppt=None&ppn=None&ssid=66tnwrdf6o0000001744007636274&qH=ff5e66b76340c563
"Note 8 (Neptune Blue, 64 GB)","₹10,999","4.442,252 Ratings & 2,853 Reviews",4 GB RAM | 64 GB ROM | Expandable Upto 512 GB16.0 cm (6.3 inch) Full HD+ Display48MP + 8MP + 2MP + 2MP | 13MP Front Camera4000 mAh Lithium Polymer BatteryQualcomm Snapdragon 665 Processor1 Year Manufacturer Warranty for Device and 6 Months Manufacturer Warranty for Inbox Accessories Including Batteries from the Date of Purchase,https://www.flipkart.com/note-8-neptune-blue-64-gb/p/itm873f03260c0a7?pid=MOBFHFFSG69TGSXQ&lid=LSTMOBFHFFSG69TGSXQEDQRQD&marketplace=FLIPKART&q=xiaomi&store=tyy%2F4io&srno=s_1_12&otracker=search&fm=organic&iid=a63d34be-61bb-44ef-84c1-bd72cf7cfac8.MOBFHFFSG69TGSXQ.SEARCH&ppt=None&ppn=None&ssid=66tnwrdf6o0000001744007636274&qH=ff5e66b76340c563
"Redmi Note 6 Pro (Blue, 64 GB)","₹10,053","4.51,28,270 Ratings & 11,944 Reviews",4 GB RAM | 64 GB ROM | Expandable Upto 256 GB15.9 cm (6.26 inch) Full HD+ Display12MP + 5MP | 20MP + 2MP Dual Front Camera4000 mAh Li-polymer BatteryQualcomm Snapdragon 636 ProcessorBrand Warranty of 1 Year Available for Mobile and 6 Months for Accessories,https://www.flipkart.com/redmi-note-6-pro-blue-64-gb/p/itm3528a196912ee?pid=MOBFAJB4RSWTEYJJ&lid=LSTMOBFAJB4RSWTEYJJSMYIEZ&marketplace=FLIPKART&q=xiaomi&store=tyy%2F4io&srno=s_1_13&otracker=search&fm=organic&iid=a63d34be-61bb-44ef-84c1-bd72cf7cfac8.MOBFAJB4RSWTEYJJ.SEARCH&ppt=None&ppn=None&ssid=66tnwrdf6o0000001744007636274&qH=ff5e66b76340c563
"Xiaomi 14 CIVI (Shadow Black, 512 GB)","₹43,999",4.3595 Ratings & 52 Reviews,12 GB RAM | 512 GB ROM16.64 cm (6.55 inch) Display50MP Rear Camera | 32MP + 32MP Dual Front Camera4700 mAh Battery8s Gen 3 Mobile Platform Processor1 Year Manufacturer Warranty for Phone and 6 Months Warranty for In the Box Accessories,https://www.flipkart.com/xiaomi-14-civi-shadow-black-512-gb/p/itmdf7287cef4f11?pid=MOBHFGU75KAEJQGN&lid=LSTMOBHFGU75KAEJQGNZW1SUF&marketplace=FLIPKART&q=xiaomi&store=tyy%2F4io&srno=s_1_14&otracker=search&fm=organic&iid=a63d34be-61bb-44ef-84c1-bd72cf7cfac8.MOBHFGU75KAEJQGN.SEARCH&ppt=None&ppn=None&ssid=66tnwrdf6o0000001744007636274&qH=ff5e66b76340c563
"Xiaomi 14 CIVI (Shadow Black, 256 GB)","₹39,999","4.31,300 Ratings & 162 Reviews",8 GB RAM | 256 GB ROM16.64 cm (6.55 inch) Display50MP Rear Camera | 32MP + 32MP Dual Front Camera4700 mAh Battery8s Gen 3 Mobile Platform Processor1 Year Manufacturer Warranty for Phone and 6 Months Warranty for In the Box Accessories,https://www.flipkart.com/xiaomi-14-civi-shadow-black-256-gb/p/itmdf7287cef4f11?pid=MOBHFGU7EJXG5M4M&lid=LSTMOBHFGU7EJXG5M4MD7JVA7&marketplace=FLIPKART&q=xiaomi&store=tyy%2F4io&srno=s_1_15&otracker=search&fm=organic&iid=a63d34be-61bb-44ef-84c1-bd72cf7cfac8.MOBHFGU7EJXG5M4M.SEARCH&ppt=None&ppn=None&ssid=66tnwrdf6o0000001744007636274&qH=ff5e66b76340c563
"6 (Blue, 32 GB)","₹8,999","4.41,62,242 Ratings & 11,512 Reviews",3 GB RAM | 32 GB ROM | Expandable Upto 256 GB13.84 cm (5.45 inch) HD+ Display12MP + 5MP | 5MP Front Camera3000 mAh Lithium-polymer Battery2.0 GHz Mediatek P22 Octacore ProcessorBrand Warranty of 1 Year Available for Mobile and 6 Months for Accessories,https://www.flipkart.com/6-blue-32-gb/p/itmf9f64fpjkbdxp?pid=MOBF96CPQBJJHBGN&lid=LSTMOBF96CPQBJJHBGNKGNPQZ&marketplace=FLIPKART&q=xiaomi&store=tyy%2F4io&srno=s_1_16&otracker=search&fm=organic&iid=a63d34be-61bb-44ef-84c1-bd72cf7cfac8.MOBF96CPQBJJHBGN.SEARCH&ppt=None&ppn=None&ssid=66tnwrdf6o0000001744007636274&qH=ff5e66b76340c563
"Note 4 (Gold, 64 GB)","₹9,499","4.47,89,415 Ratings & 1,23,917 Reviews",4 GB RAM | 64 GB ROM | Expandable Upto 128 GB13.97 cm (5.5 inch) Full HD Display13MP Rear Camera | 5MP Front Camera4100 mAh Li-Polymer BatteryQualcomm Snapdragon 625 64-bit Octa Core 2GHz ProcessorBrand Warranty of 1 Year Available for Mobile and 6 Months for Accessories,https://www.flipkart.com/note-4-gold-64-gb/p/itmeqgs9gwrfwpf2?pid=MOBEQ98MNXHY4RU9&lid=LSTMOBEQ98MNXHY4RU9RR7XCV&marketplace=FLIPKART&q=xiaomi&store=tyy%2F4io&srno=s_1_17&otracker=search&fm=organic&iid=a63d34be-61bb-44ef-84c1-bd72cf7cfac8.MOBEQ98MNXHY4RU9.SEARCH&ppt=None&ppn=None&ssid=66tnwrdf6o0000001744007636274&qH=ff5e66b76340c563
"Xiaomi 14 CIVI (Matcha Green, 256 GB)","₹39,999","4.31,300 Ratings & 162 Reviews",8 GB RAM | 256 GB ROM16.64 cm (6.55 inch) Display50MP Rear Camera | 32MP + 32MP Dual Front Camera4700 mAh Battery8s Gen 3 Mobile Platform Processor1 Year Manufacturer Warranty for Phone and 6 Months Warranty for In the Box Accessories,https://www.flipkart.com/xiaomi-14-civi-matcha-green-256-gb/p/itm79eae844cf78a?pid=MOBHFGU7DP9WMCHS&lid=LSTMOBHFGU7DP9WMCHSSOOXJU&marketplace=FLIPKART&q=xiaomi&store=tyy%2F4io&srno=s_1_18&otracker=search&fm=organic&iid=a63d34be-61bb-44ef-84c1-bd72cf7cfac8.MOBHFGU7DP9WMCHS.SEARCH&ppt=None&ppn=None&ssid=66tnwrdf6o0000001744007636274&qH=ff5e66b76340c563
"i K20 (Pearl White, 128 GB)","₹17,989","4.49,678 Ratings & 864 Reviews",6 GB RAM | 128 GB ROM16.23 cm (6.39 inch) Full HD+ Display48MP + 13MP + 8MP | 20MP Front Camera4000 mAh Li-polymer BatteryQualcomm Snapdragon 730 ProcessorBrand Warranty of 1 Year Available for Mobile and 6 Months for Accessories,https://www.flipkart.com/k20-pearl-white-128-gb/p/itm83312f3173890?pid=MOBFK86VNWAYJ7MQ&lid=LSTMOBFK86VNWAYJ7MQRNYQ4M&marketplace=FLIPKART&q=xiaomi&store=tyy%2F4io&srno=s_1_19&otracker=search&fm=organic&iid=a63d34be-61bb-44ef-84c1-bd72cf7cfac8.MOBFK86VNWAYJ7MQ.SEARCH&ppt=None&ppn=None&ssid=66tnwrdf6o0000001744007636274&qH=ff5e66b76340c563
"Mi 10T (Cosmic Black, 128 GB)","₹37,999","4.13,860 Ratings & 476 Reviews",8 GB RAM | 128 GB ROM16.94 cm (6.67 inch) Full HD+ Display64MP + 13MP + 5MP | 20MP Front Camera5000 mAh Li-ion Polymer BatteryQualcomm Snapdragon 865 Processor144Hz Intelligent AdaptiveSync Display33W Dual Split Flash Charge1 Year Manufacturer Warranty for Device and 6 Months Manufacturer Warranty for In-box Accessories,https://www.flipkart.com/mi-10t-cosmic-black-128-gb/p/itm58cc0f1ad2682?pid=MOBFWAFZNCMVPHMZ&lid=LSTMOBFWAFZNCMVPHMZGY9EBF&marketplace=FLIPKART&q=xiaomi&store=tyy%2F4io&srno=s_1_20&otracker=search&fm=organic&iid=a63d34be-61bb-44ef-84c1-bd72cf7cfac8.MOBFWAFZNCMVPHMZ.SEARCH&ppt=None&ppn=None&ssid=66tnwrdf6o0000001744007636274&qH=ff5e66b76340c563
"Mi 10i (Midnight Black, 128 GB)","₹21,990","4.31,737 Ratings & 124 Reviews",8 GB RAM | 128 GB ROM16.94 cm (6.67 inch) Full HD+ Display108MP + 8MP + 2MP + 2MP | 16MP Front Camera4820 mAh BatteryQualcomm® Snapdragon™ 750G Processor1 year manufacturer warranty for device and 6 months manufacturer warranty for in-box accessories including batteries from the date of purchase,https://www.flipkart.com/mi-10i-midnight-black-128-gb/p/itm780df69dfa0fe?pid=MOBFZ4RUR4CSZ6AE&lid=LSTMOBFZ4RUR4CSZ6AEM090GA&marketplace=FLIPKART&q=xiaomi&store=tyy%2F4io&srno=s_1_21&otracker=search&fm=organic&iid=a63d34be-61bb-44ef-84c1-bd72cf7cfac8.MOBFZ4RUR4CSZ6AE.SEARCH&ppt=None&ppn=None&ssid=66tnwrdf6o0000001744007636274&qH=ff5e66b76340c563
"7A (Matte Blue, 16 GB)","₹6,499","4.42,17,405 Ratings & 15,112 Reviews",2 GB RAM | 16 GB ROM | Expandable Upto 256 GB13.84 cm (5.45 inch) HD+ Display12MP Rear Camera | 5MP Front Camera4000 mAh Li-Polymer BatteryQualcomm Snapdragon 439 ProcessorBrand Warranty of 2 Years Available for Mobile and 6 Months for Accessories,https://www.flipkart.com/7a-matte-blue-16-gb/p/itm117b7c03ad185?pid=MOBFHZ4BZ4HZ3UZ9&lid=LSTMOBFHZ4BZ4HZ3UZ9RUXKTR&marketplace=FLIPKART&q=xiaomi&store=tyy%2F4io&srno=s_1_22&otracker=search&fm=organic&iid=a63d34be-61bb-44ef-84c1-bd72cf7cfac8.MOBFHZ4BZ4HZ3UZ9.SEARCH&ppt=None&ppn=None&ssid=66tnwrdf6o0000001744007636274&qH=ff5e66b76340c563
"Remi 6 (Gold, 32 GB)","₹8,999","4.41,15,610 Ratings & 8,736 Reviews",3 GB RAM | 32 GB ROM | Expandable Upto 256 GB13.84 cm (5.45 inch) HD+ Display12MP + 5MP | 5MP Front Camera3000 mAh Lithium-polymer Battery2.0 GHz Mediatek P22 Octacore ProcessorBrand Warranty of 1 Year Available for Mobile and 6 Months for Accessories,https://www.flipkart.com/remi-6-gold-32-gb/p/itmf9f64fpjkbdxp?pid=MOBF8BDJZDPYZZ8H&lid=LSTMOBF8BDJZDPYZZ8HLTSIYR&marketplace=FLIPKART&q=xiaomi&store=tyy%2F4io&srno=s_1_23&otracker=search&fm=organic&iid=a63d34be-61bb-44ef-84c1-bd72cf7cfac8.MOBF8BDJZDPYZZ8H.SEARCH&ppt=None&ppn=None&ssid=66tnwrdf6o0000001744007636274&qH=ff5e66b76340c563
"Remi Note 5 Pro (Gold, 64 GB)","₹16,999","4.576,285 Ratings & 7,202 Reviews",6 GB RAM | 64 GB ROM | Expandable Upto 128 GB15.21 cm (5.99 inch) Full HD+ Display12MP + 5MP | 20MP Front Camera4000 mAh Li Polymer BatteryQualcomm Snapdragon 636 ProcessorBrand Warranty of 1 Year Available for Mobile and 6 Months for Accessories,https://www.flipkart.com/remi-note-5-pro-gold-64-gb/p/itmf2fwcumw7ghwy?pid=MOBF28FTVG9GMYQM&lid=LSTMOBF28FTVG9GMYQMJIDQXI&marketplace=FLIPKART&q=xiaomi&store=tyy%2F4io&srno=s_1_24&otracker=search&fm=organic&iid=a63d34be-61bb-44ef-84c1-bd72cf7cfac8.MOBF28FTVG9GMYQM.SEARCH&ppt=None&ppn=None&ssid=66tnwrdf6o0000001744007636274&qH=ff5e66b76340c563
"Redmi Y2 (Black, 32 GB)","₹10,499","4.561,216 Ratings & 3,873 Reviews",3 GB RAM | 32 GB ROM | Expandable Upto 256 GB15.21 cm (5.99 inch) HD+ Display12MP + 5MP | 16MP Front Camera3080 mAh Li Polymer BatteryQualcomm Snapdragon 625 ProcessorBrand Warranty of 1 Year Available for Mobile and 6 Months for Accessories,https://www.flipkart.com/redmi-y2-black-32-gb/p/itm4ce00106320c3?pid=MOBFAANUCBGSRADJ&lid=LSTMOBFAANUCBGSRADJICFA9Q&marketplace=FLIPKART&q=xiaomi&store=tyy%2F4io&srno=s_2_25&otracker=search&fm=organic&iid=77ec18dc-a8de-40e0-a2fc-ff69e8ea29f7.MOBFAANUCBGSRADJ.SEARCH&ppt=None&ppn=None&ssid=mwtmm4jt8g0000001744007648315&qH=ff5e66b76340c563
"Redmi 8A (Sunset Red, 32 GB)","₹7,880","4.480,086 Ratings & 5,603 Reviews",2 GB RAM | 32 GB ROM | Expandable Upto 512 GB15.8 cm (6.22 inch) HD+ Display12MP Rear Camera | 8MP Front Camera5000 mAh BatteryQualcomm Snapdragon 439 ProcessorBrand Warranty of 1 Year Available for Mobile and 6 Months for Accessories,https://www.flipkart.com/redmi-8a-sunset-red-32-gb/p/itme2e12a5859993?pid=MOBFKF98FTTEN832&lid=LSTMOBFKF98FTTEN832LYHXL8&marketplace=FLIPKART&q=xiaomi&store=tyy%2F4io&srno=s_2_26&otracker=search&fm=organic&iid=77ec18dc-a8de-40e0-a2fc-ff69e8ea29f7.MOBFKF98FTTEN832.SEARCH&ppt=None&ppn=None&ssid=mwtmm4jt8g0000001744007648315&qH=ff5e66b76340c563
"Xiaomi 11i Hypercharge 5G (Pacific Pearl, 128 GB)","₹25,999","4.212,647 Ratings & 1,205 Reviews",6 GB RAM | 128 GB ROM | Expandable Upto 1 TB16.94 cm (6.67 inch) Full HD+ AMOLED Display108MP + 8MP + 2MP | 16MP Front Camera4500 mAh Li-Polymer BatteryMediatek Dimensity 920 Processor1 Year Manufacturer Warranty for Phone and 6 Months Warranty for In the Box Accessories,https://www.flipkart.com/xiaomi-11i-hypercharge-5g-pacific-pearl-128-gb/p/itm495eaae251d5b?pid=MOBG9QWVHHSZS9HY&lid=LSTMOBG9QWVHHSZS9HYF9EXKK&marketplace=FLIPKART&q=xiaomi&store=tyy%2F4io&srno=s_2_27&otracker=search&fm=organic&iid=77ec18dc-a8de-40e0-a2fc-ff69e8ea29f7.MOBG9QWVHHSZS9HY.SEARCH&ppt=None&ppn=None&ssid=mwtmm4jt8g0000001744007648315&qH=ff5e66b76340c563
"Mi 11 Lite (Jazz Blue, 128 GB)","₹21,999","4.213,263 Ratings & 1,415 Reviews",6 GB RAM | 128 GB ROM | Expandable Upto 512 GB16.64 cm (6.55 inch) Full HD+ Display64MP + 8MP + 5MP | 16MP Front Camera4250 mAh Li-Polymer BatteryQualcomm Snapdragon 732G Processor1 Year Manufacturer Warranty for Handset and 6 Months Warranty for In the Box Accessories,https://www.flipkart.com/mi-11-lite-jazz-blue-128-gb/p/itmac6203bae9394?pid=MOBG3VSKEVZ3JQVM&lid=LSTMOBG3VSKEVZ3JQVMEAH3XH&marketplace=FLIPKART&q=xiaomi&store=tyy%2F4io&srno=s_2_28&otracker=search&fm=organic&iid=77ec18dc-a8de-40e0-a2fc-ff69e8ea29f7.MOBG3VSKEVZ3JQVM.SEARCH&ppt=None&ppn=None&ssid=mwtmm4jt8g0000001744007648315&qH=ff5e66b76340c563
"Mi 11 Lite (Vinyl Black, 128 GB)","₹21,999","4.213,263 Ratings & 1,415 Reviews",6 GB RAM | 128 GB ROM | Expandable Upto 512 GB16.64 cm (6.55 inch) Full HD+ Display64MP + 8MP + 5MP | 16MP Front Camera4250 mAh Li-Polymer BatteryQualcomm Snapdragon 732G Processor1 Year Manufacturer Warranty for Handset and 6 Months Warranty for In the Box Accessories,https://www.flipkart.com/mi-11-lite-vinyl-black-128-gb/p/itmac6203bae9394?pid=MOBG3VSKHGETEBVM&lid=LSTMOBG3VSKHGETEBVMNKGWJP&marketplace=FLIPKART&q=xiaomi&store=tyy%2F4io&srno=s_2_29&otracker=search&fm=organic&iid=77ec18dc-a8de-40e0-a2fc-ff69e8ea29f7.MOBG3VSKHGETEBVM.SEARCH&ppt=None&ppn=None&ssid=mwtmm4jt8g0000001744007648315&qH=ff5e66b76340c563
"Y3 (Elegant Blue, 64 GB)","₹8,290","4.33,091 Ratings & 213 Reviews",4 GB RAM | 64 GB ROM | Expandable Upto 512 GB15.9 cm (6.26 inch) HD+ Display12MP + 2MP | 32MP Front Camera4000 mAh BatteryQualcomm Snapdragon 632 ProcessorBrand Warranty of 1 Year Available for Mobile and 6 Months for Battery and Accessories,https://www.flipkart.com/y3-elegant-blue-64-gb/p/itmfgaz9w4ky2zyd?pid=MOBFFWJWYHFQSHM6&lid=LSTMOBFFWJWYHFQSHM6LGQCA9&marketplace=FLIPKART&q=xiaomi&store=tyy%2F4io&srno=s_2_30&otracker=search&fm=organic&iid=77ec18dc-a8de-40e0-a2fc-ff69e8ea29f7.MOBFFWJWYHFQSHM6.SEARCH&ppt=None&ppn=None&ssid=mwtmm4jt8g0000001744007648315&qH=ff5e66b76340c563
"Redmi 9 (Sporty Orange, 64 GB)","₹8,999","4.314,068 Ratings & 762 Reviews",4 GB RAM | 64 GB ROM16.59 cm (6.53 inch) HD+ Display13MP + 2MP | 5MP Front Camera5000 mAh BatteryMediaTek Helio G35 Processor1 year manufacturer warranty for device and 6 months manufacturer warranty for in-box accessories including batteries from the date of purchase,https://www.flipkart.com/redmi-9-sporty-orange-64-gb/p/itm4fb151383983b?pid=MOBFV5FPCJC9ZKRB&lid=LSTMOBFV5FPCJC9ZKRBMLFUDW&marketplace=FLIPKART&q=xiaomi&store=tyy%2F4io&srno=s_2_31&otracker=search&fm=organic&iid=77ec18dc-a8de-40e0-a2fc-ff69e8ea29f7.MOBFV5FPCJC9ZKRB.SEARCH&ppt=None&ppn=None&ssid=mwtmm4jt8g0000001744007648315&qH=ff5e66b76340c563
"Xiaomi 14 CIVI (Aqua Blue, 512 GB)","₹44,999",4.3595 Ratings & 52 Reviews,12 GB RAM | 512 GB ROM16.64 cm (6.55 inch) Display50MP Rear Camera | 32MP + 32MP Dual Front Camera4700 mAh Battery8s Gen 3 Mobile Platform Processor1 Year Manufacturer Warranty for Phone and 6 Months Warranty for In the Box Accessories,https://www.flipkart.com/xiaomi-14-civi-aqua-blue-512-gb/p/itm94f0116ab98d9?pid=MOBH3YHAFG3FGTRF&lid=LSTMOBH3YHAFG3FGTRFKVWYTD&marketplace=FLIPKART&q=xiaomi&store=tyy%2F4io&srno=s_2_32&otracker=search&fm=organic&iid=77ec18dc-a8de-40e0-a2fc-ff69e8ea29f7.MOBH3YHAFG3FGTRF.SEARCH&ppt=None&ppn=None&ssid=mwtmm4jt8g0000001744007648315&qH=ff5e66b76340c563
"Xiaomi 12 Pro 5G (Noir Black, 256 GB)","₹39,990",4.1645 Ratings & 94 Reviews,8 GB RAM | 256 GB ROM17.09 cm (6.73 inch) Full HD+ Display50MP + 50MP + 50MP | 32MP Front Camera4600 mAh Lithium Polymer BatterySnapdragon 8 Gen 1 Processor1 Year Manufacturer Warranty for Phone and 6 Months Warranty for In the Box Accessories,https://www.flipkart.com/xiaomi-12-pro-5g-noir-black-256-gb/p/itm67bddf0d43d59?pid=MOBGDZ72AVDBGA66&lid=LSTMOBGDZ72AVDBGA669FLEB4&marketplace=FLIPKART&q=xiaomi&store=tyy%2F4io&srno=s_2_33&otracker=search&fm=organic&iid=77ec18dc-a8de-40e0-a2fc-ff69e8ea29f7.MOBGDZ72AVDBGA66.SEARCH&ppt=None&ppn=None&ssid=mwtmm4jt8g0000001744007648315&qH=ff5e66b76340c563
"Redmi 8A (Ocean Blue, 32 GB)","₹7,999","4.480,086 Ratings & 5,603 Reviews",2 GB RAM | 32 GB ROM | Expandable Upto 512 GB15.8 cm (6.22 inch) HD+ Display12MP Rear Camera | 8MP Front Camera5000 mAh BatteryQualcomm Snapdragon 439 ProcessorBrand Warranty of 1 Year Available for Mobile and 6 Months for Accessories,https://www.flipkart.com/redmi-8a-ocean-blue-32-gb/p/itme2e12a5859993?pid=MOBFKF98BHTYSAHZ&lid=LSTMOBFKF98BHTYSAHZCWZX8V&marketplace=FLIPKART&q=xiaomi&store=tyy%2F4io&srno=s_2_34&otracker=search&fm=organic&iid=77ec18dc-a8de-40e0-a2fc-ff69e8ea29f7.MOBFKF98BHTYSAHZ.SEARCH&ppt=None&ppn=None&ssid=mwtmm4jt8g0000001744007648315&qH=ff5e66b76340c563
"Rmi Note 5 Pro (Rose Gold, 64 GB)","₹14,999","4.590,726 Ratings & 8,682 Reviews",4 GB RAM | 64 GB ROM | Expandable Upto 128 GB15.21 cm (5.99 inch) Full HD+ Display12MP + 5MP | 20MP Front Camera4000 mAh Li Polymer BatteryQualcomm Snapdragon 636 ProcessorBrand Warranty of 1 Year Available for Mobile and 6 Months for Accessories,https://www.flipkart.com/rmi-note-5-pro-rose-gold-64-gb/p/itmf2fwcumw7ghwy?pid=MOBF2BSG75JYZ5YW&lid=LSTMOBF2BSG75JYZ5YWRKDTAH&marketplace=FLIPKART&q=xiaomi&store=tyy%2F4io&srno=s_2_35&otracker=search&fm=organic&iid=77ec18dc-a8de-40e0-a2fc-ff69e8ea29f7.MOBF2BSG75JYZ5YW.SEARCH&ppt=None&ppn=None&ssid=mwtmm4jt8g0000001744007648315&qH=ff5e66b76340c563
"Redmi Note 5 (Gold, 32 GB)","₹10,999","4.41,66,499 Ratings & 19,942 Reviews",3 GB RAM | 32 GB ROM | Expandable Upto 128 GB15.21 cm (5.99 inch) Full HD+ Display12MP Rear Camera | 5MP Front Camera4000 mAh Li Polymer BatteryQualcomm Snapdragon 625 ProcessorBrand Warranty of 1 Year Available for Mobile and 6 Months for Accessories,https://www.flipkart.com/redmi-note-5-gold-32-gb/p/itmf2fc39bfw7kyc?pid=MOBF28FTQYA9BFW5&lid=LSTMOBF28FTQYA9BFW5XJRGOI&marketplace=FLIPKART&q=xiaomi&store=tyy%2F4io&srno=s_2_36&otracker=search&fm=organic&iid=77ec18dc-a8de-40e0-a2fc-ff69e8ea29f7.MOBF28FTQYA9BFW5.SEARCH&ppt=None&ppn=None&ssid=mwtmm4jt8g0000001744007648315&qH=ff5e66b76340c563
"Note 7 Pro (Blue, 64 GB)","₹15,999","4.57,25,199 Ratings & 59,933 Reviews",4 GB RAM | 64 GB ROM | Expandable Upto 256 GB16.0 cm (6.3 inch) Full HD+ Display48MP + 5MP | 13MP Front Camera4000 mAh Li-polymer BatteryQualcomm Snapdragon 675 ProcessorSplash Proof - Protected by P2iQuick Charge 4.0 SupportBrand Warranty of 1 Year Available for Mobile and 6 Months for Accessories,https://www.flipkart.com/note-7-pro-blue-64-gb/p/itm410bac3ec336c?pid=MOBFDXZ376XRTZXH&lid=LSTMOBFDXZ376XRTZXHJS3LVK&marketplace=FLIPKART&q=xiaomi&store=tyy%2F4io&srno=s_2_37&otracker=search&fm=organic&iid=77ec18dc-a8de-40e0-a2fc-ff69e8ea29f7.MOBFDXZ376XRTZXH.SEARCH&ppt=None&ppn=None&ssid=mwtmm4jt8g0000001744007648315&qH=ff5e66b76340c563
"7 Pro (Space Black, 64 GB)","₹16,999","4.442,222 Ratings & 3,066 Reviews",6 GB RAM | 64 GB ROM | Expandable Upto 256 GB16.0 cm (6.3 inch) Full HD+ Display48MP + 5MP | 13MP Front Camera4000 mAh Li-polymer BatteryQualcomm Snapdragon 675 ProcessorSplash Proof - Protected by P2iQuick Charge 4.0 SupportBrand Warranty of 1 Year Available for Mobile and 6 Months for Accessories,https://www.flipkart.com/7-pro-space-black-64-gb/p/itm410bac3ec336c?pid=MOBFHUQ4ZPZX89G6&lid=LSTMOBFHUQ4ZPZX89G6KSIIC2&marketplace=FLIPKART&q=xiaomi&store=tyy%2F4io&srno=s_2_38&otracker=search&fm=organic&iid=77ec18dc-a8de-40e0-a2fc-ff69e8ea29f7.MOBFHUQ4ZPZX89G6.SEARCH&ppt=None&ppn=None&ssid=mwtmm4jt8g0000001744007648315&qH=ff5e66b76340c563
"K20 (Carbon Black, 128 GB)","₹24,999","4.524,782 Ratings & 2,755 Reviews",6 GB RAM | 128 GB ROM16.23 cm (6.39 inch) Full HD+ Display48MP + 13MP + 8MP | 20MP Front Camera4000 mAh Li-polymer BatteryQualcomm Snapdragon 730 ProcessorBrand Warranty of 1 Year Available for Mobile and 6 Months for Accessories,https://www.flipkart.com/k20-carbon-black-128-gb/p/itmfa9f4f4326f8c?pid=MOBFG7UYGCXFUZZV&lid=LSTMOBFG7UYGCXFUZZV3A8OBA&marketplace=FLIPKART&q=xiaomi&store=tyy%2F4io&srno=s_2_39&otracker=search&fm=organic&iid=77ec18dc-a8de-40e0-a2fc-ff69e8ea29f7.MOBFG7UYGCXFUZZV.SEARCH&ppt=None&ppn=None&ssid=mwtmm4jt8g0000001744007648315&qH=ff5e66b76340c563
"Redmi 9 (Carbon Black, 64 GB)","₹9,490","4.314,068 Ratings & 762 Reviews",4 GB RAM | 64 GB ROM16.59 cm (6.53 inch) HD+ Display13MP + 2MP | 5MP Front Camera5000 mAh BatteryMediaTek Helio G35 Processor1 year manufacturer warranty for device and 6 months manufacturer warranty for in-box accessories including batteries from the date of purchase,https://www.flipkart.com/redmi-9-carbon-black-64-gb/p/itm4fb151383983b?pid=MOBFVHMPGATFZXWR&lid=LSTMOBFVHMPGATFZXWR15JBSI&marketplace=FLIPKART&q=xiaomi&store=tyy%2F4io&srno=s_2_40&otracker=search&fm=organic&iid=77ec18dc-a8de-40e0-a2fc-ff69e8ea29f7.MOBFVHMPGATFZXWR.SEARCH&ppt=None&ppn=None&ssid=mwtmm4jt8g0000001744007648315&qH=ff5e66b76340c563
"yththtu 8 (Ruby Red, 64 GB)","₹10,999","4.41,92,237 Ratings & 14,198 Reviews",4 GB RAM | 64 GB ROM | Expandable Upto 512 GB15.8 cm (6.22 inch) HD+ Display12MP + 2MP | 8MP Front Camera5000 mAh BatteryQualcomm Snapdragon 439 ProcessorBrand Warranty of 1 Year Available for Mobile and 6 Months for Accessories,https://www.flipkart.com/yththtu-8-ruby-red-64-gb/p/itme0903bcb8a2cb?pid=MOBFKPYDCVSCZBYR&lid=LSTMOBFKPYDCVSCZBYRSUFG5C&marketplace=FLIPKART&q=xiaomi&store=tyy%2F4io&srno=s_2_41&otracker=search&fm=organic&iid=77ec18dc-a8de-40e0-a2fc-ff69e8ea29f7.MOBFKPYDCVSCZBYR.SEARCH&ppt=None&ppn=None&ssid=mwtmm4jt8g0000001744007648315&qH=ff5e66b76340c563
"Xiaomi 14 CIVI (Cruise Blue, 512 GB)","₹43,999",4.3595 Ratings & 52 Reviews,12 GB RAM | 512 GB ROM16.64 cm (6.55 inch) Display50MP Rear Camera | 32MP + 32MP Dual Front Camera4700 mAh Battery8s Gen 3 Mobile Platform Processor1 Year Manufacturer Warranty for Phone and 6 Months Warranty for In the Box Accessories,https://www.flipkart.com/xiaomi-14-civi-cruise-blue-512-gb/p/itm34da1cf159d63?pid=MOBHFGU7P4NPRCCR&lid=LSTMOBHFGU7P4NPRCCRSKEETE&marketplace=FLIPKART&q=xiaomi&store=tyy%2F4io&srno=s_2_42&otracker=search&fm=organic&iid=77ec18dc-a8de-40e0-a2fc-ff69e8ea29f7.MOBHFGU7P4NPRCCR.SEARCH&ppt=None&ppn=None&ssid=mwtmm4jt8g0000001744007648315&qH=ff5e66b76340c563
"Redmi Note 7S (Ruby Red, 32 GB)","₹11,999","4.41,48,343 Ratings & 12,582 Reviews",3 GB RAM | 32 GB ROM | Expandable Upto 256 GB16.0 cm (6.3 inch) Full HD+ Display48MP + 5MP | 13MP Front Camera4000 mAh BatteryQualcomm Snapdragon 660 AIE ProcessorSplash Proof - Protected by P2iQuick Charge 4.0 SupportBrand Warranty of 1 Year Available for Mobile and 6 Months for Accessories,https://www.flipkart.com/redmi-note-7s-ruby-red-32-gb/p/itmfgpbacwygthha?pid=MOBFGGJ89UPRVZMH&lid=LSTMOBFGGJ89UPRVZMHOZ5AIC&marketplace=FLIPKART&q=xiaomi&store=tyy%2F4io&srno=s_2_43&otracker=search&fm=organic&iid=77ec18dc-a8de-40e0-a2fc-ff69e8ea29f7.MOBFGGJ89UPRVZMH.SEARCH&ppt=None&ppn=None&ssid=mwtmm4jt8g0000001744007648315&qH=ff5e66b76340c563
"Redmi 9A Sport (Metallic Blue, 32 GB)","₹8,499","4.120,929 Ratings & 1,471 Reviews",2 GB RAM | 32 GB ROM16.59 cm (6.53 inch) Display13MP Rear Camera5000 mAh Battery1 Year Warranty,https://www.flipkart.com/redmi-9a-sport-metallic-blue-32-gb/p/itm53bc6ebfe147b?pid=MOBGHDXFVQCUTWYA&lid=LSTMOBGHDXFVQCUTWYADOV0II&marketplace=FLIPKART&q=xiaomi&store=tyy%2F4io&srno=s_2_44&otracker=search&fm=organic&iid=77ec18dc-a8de-40e0-a2fc-ff69e8ea29f7.MOBGHDXFVQCUTWYA.SEARCH&ppt=None&ppn=None&ssid=mwtmm4jt8g0000001744007648315&qH=ff5e66b76340c563
"Note 7 Pro (Space Black, 128 GB)","₹16,999","4.52,68,783 Ratings & 22,247 Reviews",6 GB RAM | 128 GB ROM | Expandable Upto 256 GB16.0 cm (6.3 inch) Full HD+ Display48MP + 5MP | 13MP Front Camera4000 mAh Li-polymer BatteryQualcomm Snapdragon 675 ProcessorSplash Proof - Protected by P2iQuick Charge 4.0 SupportBrand Warranty of 1 Year Available for Mobile and 6 Months for Accessories,https://www.flipkart.com/note-7-pro-space-black-128-gb/p/itm410bac3ec336c?pid=MOBFDXZ3TFDKZYHU&lid=LSTMOBFDXZ3TFDKZYHUQFVY3Q&marketplace=FLIPKART&q=xiaomi&store=tyy%2F4io&srno=s_2_45&otracker=search&fm=organic&iid=77ec18dc-a8de-40e0-a2fc-ff69e8ea29f7.MOBFDXZ3TFDKZYHU.SEARCH&ppt=None&ppn=None&ssid=mwtmm4jt8g0000001744007648315&qH=ff5e66b76340c563
"Note 7 Pro (Red, 64 GB)","₹16,999","4.52,68,783 Ratings & 22,247 Reviews",6 GB RAM | 64 GB ROM | Expandable Upto 256 GB16.0 cm (6.3 inch) Full HD+ Display48MP + 5MP | 13MP Front Camera4000 mAh Li-polymer BatteryQualcomm Snapdragon 675 ProcessorSplash Proof - Protected by P2iQuick Charge 4.0 SupportBrand Warranty of 1 Year Available for Mobile and 6 Months for Accessories,https://www.flipkart.com/note-7-pro-red-64-gb/p/itm410bac3ec336c?pid=MOBFHUQ4XG4HZ4SH&lid=LSTMOBFHUQ4XG4HZ4SHISDCF1&marketplace=FLIPKART&q=xiaomi&store=tyy%2F4io&srno=s_2_46&otracker=search&fm=organic&iid=77ec18dc-a8de-40e0-a2fc-ff69e8ea29f7.MOBFHUQ4XG4HZ4SH.SEARCH&ppt=None&ppn=None&ssid=mwtmm4jt8g0000001744007648315&qH=ff5e66b76340c563
"Xiaomi 11i 5G (Camo Green, 128 GB)","₹24,999","4.238,899 Ratings & 4,627 Reviews",6 GB RAM | 128 GB ROM | Expandable Upto 1 TB16.94 cm (6.67 inch) Full HD+ AMOLED Display108MP Rear Camera | 16MP Front Camera5160 mAh Li-Polymer BatteryMediatek Dimensity 920 Processor1 Year Manufacturer Warranty for Phone and 6 Months Warranty for in the Box Accessories,https://www.flipkart.com/xiaomi-11i-5g-camo-green-128-gb/p/itm5e173fdb5d441?pid=MOBG9QXPP5QRZZ3P&lid=LSTMOBG9QXPP5QRZZ3PRQPSHC&marketplace=FLIPKART&q=xiaomi&store=tyy%2F4io&srno=s_2_47&otracker=search&fm=organic&iid=77ec18dc-a8de-40e0-a2fc-ff69e8ea29f7.MOBG9QXPP5QRZZ3P.SEARCH&ppt=None&ppn=None&ssid=mwtmm4jt8g0000001744007648315&qH=ff5e66b76340c563
"Note 4 (Dark Grey, 32 GB)","₹10,649","4.43,21,945 Ratings & 54,013 Reviews",3 GB RAM | 32 GB ROM | Expandable Upto 128 GB13.97 cm (5.5 inch) Full HD Display13MP Rear Camera | 5MP Front Camera4100 mAh Li-Polymer BatteryQualcomm Snapdragon 625 64-bit Octa Core 2GHz ProcessorBrand Warranty of 1 Year Available for Mobile and 6 Months for Accessories,https://www.flipkart.com/note-4-dark-grey-32-gb/p/itmeqe4htst9587b?pid=MOBEQ98TGHHPQJGH&lid=LSTMOBEQ98TGHHPQJGHGHIEYT&marketplace=FLIPKART&q=xiaomi&store=tyy%2F4io&srno=s_2_48&otracker=search&fm=organic&iid=77ec18dc-a8de-40e0-a2fc-ff69e8ea29f7.MOBEQ98TGHHPQJGH.SEARCH&ppt=None&ppn=None&ssid=mwtmm4jt8g0000001744007648315&qH=ff5e66b76340c563
"Redmi Note 4 (Black, 64 GB)","₹9,999","4.45,49,979 Ratings & 85,788 Reviews",4 GB RAM | 64 GB ROM | Expandable Upto 128 GB13.97 cm (5.5 inch) Full HD Display13MP Rear Camera | 5MP Front Camera4100 mAh Li-Polymer BatteryQualcomm Snapdragon 625 64-bit Octa Core 2GHz ProcessorBrand Warranty of 1 Year Available for Mobile and 6 Months for Accessories,https://www.flipkart.com/redmi-note-4-black-64-gb/p/itmeqe4htst9587b?pid=MOBEQ98TABTWXGTD&lid=LSTMOBEQ98TABTWXGTD7ZX4YI&marketplace=FLIPKART&q=xiaomi&store=tyy%2F4io&srno=s_3_49&otracker=search&fm=organic&iid=e7ee5e5d-faf9-41e1-bd57-4a40b268c4c6.MOBEQ98TABTWXGTD.SEARCH&ppt=None&ppn=None&ssid=771bvck14w0000001744007660028&qH=ff5e66b76340c563
"Redmi Note 4 (Gold, 32 GB)","₹7,299","4.43,18,636 Ratings & 55,315 Reviews",3 GB RAM | 32 GB ROM | Expandable Upto 128 GB13.97 cm (5.5 inch) Full HD Display13MP Rear Camera | 5MP Front Camera4100 mAh Li-Polymer BatteryQualcomm Snapdragon 625 64-bit Octa Core 2GHz ProcessorBrand Warranty of 1 Year Available for Mobile and 6 Months for Accessories,https://www.flipkart.com/redmi-note-4-gold-32-gb/p/itmeqgs9gwrfwpf2?pid=MOBEQ98T82CYVHGZ&lid=LSTMOBEQ98T82CYVHGZTHUPHX&marketplace=FLIPKART&q=xiaomi&store=tyy%2F4io&srno=s_3_50&otracker=search&fm=organic&iid=e7ee5e5d-faf9-41e1-bd57-4a40b268c4c6.MOBEQ98T82CYVHGZ.SEARCH&ppt=None&ppn=None&ssid=771bvck14w0000001744007660028&qH=ff5e66b76340c563
"Mi A3 (Not just Blue, 64 GB)","₹14,999","4.338,829 Ratings & 3,357 Reviews",4 GB RAM | 64 GB ROM | Expandable Upto 256 GB15.46 cm (6.088 inch) HD+ Display48MP + 8MP + 2MP | 32MP Front Camera4030 mAh BatteryQualcomm Snapdragon 665 ProcessorBrand Warranty of 1 Year Available for Mobile and 6 Months for Accessories,https://www.flipkart.com/mi-a3-not-just-blue-64-gb/p/itm12f5d66d71714?pid=MOBFJM4ZJHVHFR5Q&lid=LSTMOBFJM4ZJHVHFR5QW6FPEO&marketplace=FLIPKART&q=xiaomi&store=tyy%2F4io&srno=s_3_51&otracker=search&fm=organic&iid=e7ee5e5d-faf9-41e1-bd57-4a40b268c4c6.MOBFJM4ZJHVHFR5Q.SEARCH&ppt=None&ppn=None&ssid=771bvck14w0000001744007660028&qH=ff5e66b76340c563
"6 (Rose Gold, 64 GB)","₹10,499","4.41,62,242 Ratings & 11,512 Reviews",3 GB RAM | 64 GB ROM | Expandable Upto 256 GB13.84 cm (5.45 inch) HD+ Display12MP + 5MP | 5MP Front Camera3000 mAh Lithium-polymer Battery2.0 GHz Mediatek P22 Octacore ProcessorBrand Warranty of 1 Year Available for Mobile and 6 Months for Accessories,https://www.flipkart.com/6-rose-gold-64-gb/p/itmf9f64fpjkbdxp?pid=MOBF9GM492GK2WHJ&lid=LSTMOBF9GM492GK2WHJGJNJSY&marketplace=FLIPKART&q=xiaomi&store=tyy%2F4io&srno=s_3_52&otracker=search&fm=organic&iid=e7ee5e5d-faf9-41e1-bd57-4a40b268c4c6.MOBF9GM492GK2WHJ.SEARCH&ppt=None&ppn=None&ssid=771bvck14w0000001744007660028&qH=ff5e66b76340c563
"Xiaomi 12 Pro 5G (Couture Blue, 256 GB)","₹41,999","4.11,060 Ratings & 120 Reviews",12 GB RAM | 256 GB ROM17.09 cm (6.73 inch) Full HD+ Display50MP + 50MP + 50MP | 32MP Front Camera4600 mAh Lithium Polymer BatterySnapdragon 8 Gen 1 Processor1 Year Manufacturer Warranty for Phone and 6 Months Warranty for In the Box Accessories,https://www.flipkart.com/xiaomi-12-pro-5g-couture-blue-256-gb/p/itm81ed02fcf3968?pid=MOBGDZ895FVSKXZU&lid=LSTMOBGDZ895FVSKXZU1M1VVC&marketplace=FLIPKART&q=xiaomi&store=tyy%2F4io&srno=s_3_53&otracker=search&fm=organic&iid=e7ee5e5d-faf9-41e1-bd57-4a40b268c4c6.MOBGDZ895FVSKXZU.SEARCH&ppt=None&ppn=None&ssid=771bvck14w0000001744007660028&qH=ff5e66b76340c563
"K20 (Glacier Blue, 128 GB)","₹24,999","4.524,782 Ratings & 2,755 Reviews",6 GB RAM | 128 GB ROM16.23 cm (6.39 inch) Full HD+ Display48MP + 13MP + 8MP | 20MP Front Camera4000 mAh Li-polymer BatteryQualcomm Snapdragon 730 ProcessorBrand Warranty of 1 Year Available for Mobile and 6 Months for Accessories,https://www.flipkart.com/k20-glacier-blue-128-gb/p/itm2d8b68c989a85?pid=MOBFG7UYQAZ4JBTS&lid=LSTMOBFG7UYQAZ4JBTSQ6MH5X&marketplace=FLIPKART&q=xiaomi&store=tyy%2F4io&srno=s_3_54&otracker=search&fm=organic&iid=e7ee5e5d-faf9-41e1-bd57-4a40b268c4c6.MOBFG7UYQAZ4JBTS.SEARCH&ppt=None&ppn=None&ssid=771bvck14w0000001744007660028&qH=ff5e66b76340c563
"Xiaomi 14 CIVI (Hot Pink, 512 GB)","₹44,999",4.3595 Ratings & 52 Reviews,12 GB RAM | 512 GB ROM16.64 cm (6.55 inch) Display50MP Rear Camera | 32MP + 32MP Dual Front Camera4700 mAh Battery8s Gen 3 Mobile Platform Processor1 Year Manufacturer Warranty for Phone and 6 Months Warranty for In the Box Accessories,https://www.flipkart.com/xiaomi-14-civi-hot-pink-512-gb/p/itma806668ba2f45?pid=MOBH3YHAWYUWU4SH&lid=LSTMOBH3YHAWYUWU4SHQAUM1O&marketplace=FLIPKART&q=xiaomi&store=tyy%2F4io&srno=s_3_55&otracker=search&fm=organic&iid=e7ee5e5d-faf9-41e1-bd57-4a40b268c4c6.MOBH3YHAWYUWU4SH.SEARCH&ppt=None&ppn=None&ssid=771bvck14w0000001744007660028&qH=ff5e66b76340c563
"Mi Mix 2 (Black, 128 GB)","₹37,999","4.36,030 Ratings & 1,032 Reviews",6 GB RAM | 128 GB ROM15.21 cm (5.99 inch) Full HD+ Display12MP Rear Camera | 5MP Front Camera3400 mAh Li-polymer BatteryQualcomm Snapdragon 835 Octa Core 2.5 GHz ProcessorBrand Warranty of 1 Year Available for Mobile and 6 Months for Accessories,https://www.flipkart.com/mi-mix-2-black-128-gb/p/itmeyk8z8cwf6faz?pid=MOBEYCHKGHZJMGJZ&lid=LSTMOBEYCHKGHZJMGJZZYU6YY&marketplace=FLIPKART&q=xiaomi&store=tyy%2F4io&srno=s_3_56&otracker=search&fm=organic&iid=e7ee5e5d-faf9-41e1-bd57-4a40b268c4c6.MOBEYCHKGHZJMGJZ.SEARCH&ppt=None&ppn=None&ssid=771bvck14w0000001744007660028&qH=ff5e66b76340c563
"Xiaomi 11i 5G (Stealth Black, 128 GB)","₹24,999","4.238,899 Ratings & 4,627 Reviews",6 GB RAM | 128 GB ROM | Expandable Upto 1 TB16.94 cm (6.67 inch) Full HD+ AMOLED Display108MP Rear Camera | 16MP Front Camera5160 mAh Li-Polymer BatteryMediatek Dimensity 920 Processor1 Year Manufacturer Warranty for Phone and 6 Months Warranty for in the Box Accessories,https://www.flipkart.com/xiaomi-11i-5g-stealth-black-128-gb/p/itmf5300d828d19f?pid=MOBG9QXP5NVYGGHY&lid=LSTMOBG9QXP5NVYGGHYSMMSFL&marketplace=FLIPKART&q=xiaomi&store=tyy%2F4io&srno=s_3_57&otracker=search&fm=organic&iid=e7ee5e5d-faf9-41e1-bd57-4a40b268c4c6.MOBG9QXP5NVYGGHY.SEARCH&ppt=None&ppn=None&ssid=771bvck14w0000001744007660028&qH=ff5e66b76340c563
"Note 5 Pro (Lake Blue, 64 GB)","₹14,999","4.51,40,501 Ratings & 13,913 Reviews",4 GB RAM | 64 GB ROM | Expandable Upto 128 GB15.21 cm (5.99 inch) Full HD+ Display12MP + 5MP | 20MP Front Camera4000 mAh Li Polymer BatteryQualcomm Snapdragon 636 ProcessorBrand Warranty of 1 Year Available for Mobile and 6 Months for Accessories,https://www.flipkart.com/note-5-pro-lake-blue-64-gb/p/itmf2fwcumw7ghwy?pid=MOBF2BSGFKFKVQMC&lid=LSTMOBF2BSGFKFKVQMCXSHTC8&marketplace=FLIPKART&q=xiaomi&store=tyy%2F4io&srno=s_3_58&otracker=search&fm=organic&iid=e7ee5e5d-faf9-41e1-bd57-4a40b268c4c6.MOBF2BSGFKFKVQMC.SEARCH&ppt=None&ppn=None&ssid=771bvck14w0000001744007660028&qH=ff5e66b76340c563
"Note 8 (Space Black, 128 GB)","₹15,999","4.48,608 Ratings & 622 Reviews",6 GB RAM | 128 GB ROM | Expandable Upto 512 GB16.0 cm (6.3 inch) Full HD+ Display48MP + 8MP + 2MP + 2MP | 13MP Front Camera4000 mAh Lithium Polymer BatteryQualcomm Snapdragon 665 Processor1 Year Manufacturer Warranty for Device and 6 Months Manufacturer Warranty for Inbox Accessories Including Batteries from the Date of Purchase,https://www.flipkart.com/note-8-space-black-128-gb/p/itm6b33a12abb221?pid=MOBFHHQRQF2A4PS2&lid=LSTMOBFHHQRQF2A4PS2MZGC0K&marketplace=FLIPKART&q=xiaomi&store=tyy%2F4io&srno=s_3_59&otracker=search&fm=organic&iid=e7ee5e5d-faf9-41e1-bd57-4a40b268c4c6.MOBFHHQRQF2A4PS2.SEARCH&ppt=None&ppn=None&ssid=771bvck14w0000001744007660028&qH=ff5e66b76340c563
"Mi 10T Pro (Cosmic Black, 128 GB)","₹39,999","4.23,703 Ratings & 551 Reviews",8 GB RAM | 128 GB ROM16.94 cm (6.67 inch) Full HD+ Display108MP + 13MP + 5MP | 20MP Front Camera5000 mAh Li-ion Polymer BatteryQualcomm Snapdragon 865 Processor144Hz Intelligent AdaptiveSync Display33W Dual Split Flash Charge1 Year Manufacturer Warranty for Device and 6 Months Manufacturer Warranty for In-box Accessories,https://www.flipkart.com/mi-10t-pro-cosmic-black-128-gb/p/itm5ff5455fec520?pid=MOBFWAFZASEEEES6&lid=LSTMOBFWAFZASEEEES6FME6S3&marketplace=FLIPKART&q=xiaomi&store=tyy%2F4io&srno=s_3_60&otracker=search&fm=organic&iid=e7ee5e5d-faf9-41e1-bd57-4a40b268c4c6.MOBFWAFZASEEEES6.SEARCH&ppt=None&ppn=None&ssid=771bvck14w0000001744007660028&qH=ff5e66b76340c563
"K20 (Flame Red, 64 GB)","₹22,999","4.524,782 Ratings & 2,755 Reviews",6 GB RAM | 64 GB ROM16.23 cm (6.39 inch) Full HD+ Display48MP + 13MP + 8MP | 20MP Front Camera4000 mAh Li-polymer BatteryQualcomm Snapdragon 730 ProcessorBrand Warranty of 1 Year Available for Mobile and 6 Months for Accessories,https://www.flipkart.com/k20-flame-red-64-gb/p/itmfa9f4f4326f8c?pid=MOBFG7UYX5BWZXFU&lid=LSTMOBFG7UYX5BWZXFUDQXTXV&marketplace=FLIPKART&q=xiaomi&store=tyy%2F4io&srno=s_3_61&otracker=search&fm=organic&iid=e7ee5e5d-faf9-41e1-bd57-4a40b268c4c6.MOBFG7UYX5BWZXFU.SEARCH&ppt=None&ppn=None&ssid=771bvck14w0000001744007660028&qH=ff5e66b76340c563
"Xiaomi 11i Hypercharge 5G (Stealth Black, 128 GB)","₹26,999","4.212,647 Ratings & 1,205 Reviews",6 GB RAM | 128 GB ROM | Expandable Upto 1 TB16.94 cm (6.67 inch) Full HD+ AMOLED Display108MP + 8MP + 2MP | 16MP Front Camera4500 mAh Li-Polymer BatteryMediatek Dimensity 920 Processor1 Year Manufacturer Warranty for Phone and 6 Months Warranty for In the Box Accessories,https://www.flipkart.com/xiaomi-11i-hypercharge-5g-stealth-black-128-gb/p/itmd19127afbbce1?pid=MOBG9QWVZFNZDNMM&lid=LSTMOBG9QWVZFNZDNMMGF5UXW&marketplace=FLIPKART&q=xiaomi&store=tyy%2F4io&srno=s_3_62&otracker=search&fm=organic&iid=e7ee5e5d-faf9-41e1-bd57-4a40b268c4c6.MOBG9QWVZFNZDNMM.SEARCH&ppt=None&ppn=None&ssid=771bvck14w0000001744007660028&qH=ff5e66b76340c563
"Redmi K20 Pro (Glacier Blue, 128 GB)","₹28,999","4.563,157 Ratings & 7,692 Reviews",6 GB RAM | 128 GB ROM16.23 cm (6.39 inch) Full HD+ Display48MP + 13MP + 8MP | 20MP Front Camera4000 mAh Li-polymer BatteryQualcomm Snapdragon 855 ProcessorBrand Warranty of 1 Year Available for Mobile and 6 Months for Accessories,https://www.flipkart.com/redmi-k20-pro-glacier-blue-128-gb/p/itmfgfjthe3dyjp3?pid=MOBFG7UYZ7DCKWSR&lid=LSTMOBFG7UYZ7DCKWSRHOQYRI&marketplace=FLIPKART&q=xiaomi&store=tyy%2F4io&srno=s_3_63&otracker=search&fm=organic&iid=e7ee5e5d-faf9-41e1-bd57-4a40b268c4c6.MOBFG7UYZ7DCKWSR.SEARCH&ppt=None&ppn=None&ssid=771bvck14w0000001744007660028&qH=ff5e66b76340c563
"REMI Note 11 Pro (Phantom White, 128 GB)","₹22,999",4.3115 Ratings & 6 Reviews,8 GB RAM | 128 GB ROM16.94 cm (6.67 inch) Display108MP Rear Camera5000 mAh Battery12 Months Warranty,https://www.flipkart.com/remi-note-11-pro-phantom-white-128-gb/p/itme7022ee103b26?pid=MOBGHDXFUUKAHQR3&lid=LSTMOBGHDXFUUKAHQR3TSRL7Z&marketplace=FLIPKART&q=xiaomi&store=tyy%2F4io&srno=s_3_64&otracker=search&fm=organic&iid=e7ee5e5d-faf9-41e1-bd57-4a40b268c4c6.MOBGHDXFUUKAHQR3.SEARCH&ppt=None&ppn=None&ssid=771bvck14w0000001744007660028&qH=ff5e66b76340c563
"Xiaomi 11i Hypercharge 5G (Camo Green, 128 GB)","₹28,999","4.27,297 Ratings & 763 Reviews",8 GB RAM | 128 GB ROM | Expandable Upto 1 TB16.94 cm (6.67 inch) Full HD+ AMOLED Display108MP + 8MP + 2MP | 16MP Front Camera4500 mAh Li-Polymer BatteryMediatek Dimensity 920 Processor1 Year Manufacturer Warranty for Phone and 6 Months Warranty for In the Box Accessories,https://www.flipkart.com/xiaomi-11i-hypercharge-5g-camo-green-128-gb/p/itm1b9143305bed6?pid=MOBG9QWV4538QGMH&lid=LSTMOBG9QWV4538QGMHMWLMGB&marketplace=FLIPKART&q=xiaomi&store=tyy%2F4io&srno=s_3_65&otracker=search&fm=organic&iid=e7ee5e5d-faf9-41e1-bd57-4a40b268c4c6.MOBG9QWV4538QGMH.SEARCH&ppt=None&ppn=None&ssid=771bvck14w0000001744007660028&qH=ff5e66b76340c563
"Xiaomi 11i Hypercharge 5G (Camo Green, 128 GB)","₹26,999","4.212,647 Ratings & 1,205 Reviews",6 GB RAM | 128 GB ROM | Expandable Upto 1 TB16.94 cm (6.67 inch) Full HD+ AMOLED Display108MP + 8MP + 2MP | 16MP Front Camera4500 mAh Li-Polymer BatteryMediatek Dimensity 920 Processor1 Year Manufacturer Warranty for Phone and 6 Months Warranty for In the Box Accessories,https://www.flipkart.com/xiaomi-11i-hypercharge-5g-camo-green-128-gb/p/itm1b9143305bed6?pid=MOBG9QWV95YG7AKC&lid=LSTMOBG9QWV95YG7AKCHEMBY3&marketplace=FLIPKART&q=xiaomi&store=tyy%2F4io&srno=s_3_66&otracker=search&fm=organic&iid=e7ee5e5d-faf9-41e1-bd57-4a40b268c4c6.MOBG9QWV95YG7AKC.SEARCH&ppt=None&ppn=None&ssid=771bvck14w0000001744007660028&qH=ff5e66b76340c563
"Xiaomi 11i 5G (Purple Mist, 128 GB)","₹26,999","4.222,781 Ratings & 2,732 Reviews",8 GB RAM | 128 GB ROM | Expandable Upto 1 TB16.94 cm (6.67 inch) Full HD+ AMOLED Display108MP Rear Camera | 16MP Front Camera5160 mAh Li-Polymer BatteryMediatek Dimensity 920 Processor1 Year Manufacturer Warranty for Phone and 6 Months Warranty for in the Box Accessories,https://www.flipkart.com/xiaomi-11i-5g-purple-mist-128-gb/p/itmb0fd5926fb0d5?pid=MOBG9QXPXZTUYDY8&lid=LSTMOBG9QXPXZTUYDY88JXOXL&marketplace=FLIPKART&q=xiaomi&store=tyy%2F4io&srno=s_3_67&otracker=search&fm=organic&iid=e7ee5e5d-faf9-41e1-bd57-4a40b268c4c6.MOBG9QXPXZTUYDY8.SEARCH&ppt=None&ppn=None&ssid=771bvck14w0000001744007660028&qH=ff5e66b76340c563
"Xiaomi 12 Pro 5G (Noir Black, 256 GB)","₹41,999","4.11,060 Ratings & 120 Reviews",12 GB RAM | 256 GB ROM17.09 cm (6.73 inch) Full HD+ Display50MP + 50MP + 50MP | 32MP Front Camera4600 mAh Lithium Polymer BatterySnapdragon 8 Gen 1 Processor1 Year Manufacturer Warranty for Phone and 6 Months Warranty for In the Box Accessories,https://www.flipkart.com/xiaomi-12-pro-5g-noir-black-256-gb/p/itm67bddf0d43d59?pid=MOBGDZ84RS67ZTEP&lid=LSTMOBGDZ84RS67ZTEPVWOBEX&marketplace=FLIPKART&q=xiaomi&store=tyy%2F4io&srno=s_3_68&otracker=search&fm=organic&iid=e7ee5e5d-faf9-41e1-bd57-4a40b268c4c6.MOBGDZ84RS67ZTEP.SEARCH&ppt=None&ppn=None&ssid=771bvck14w0000001744007660028&qH=ff5e66b76340c563
"Y2 (Blue, 32 GB)","₹10,499","4.560,331 Ratings & 4,089 Reviews",3 GB RAM | 32 GB ROM | Expandable Upto 256 GB15.21 cm (5.99 inch) HD+ Display12MP + 5MP | 16MP Front Camera3080 mAh Li Polymer BatteryQualcomm Snapdragon 625 ProcessorBrand Warranty of 1 Year Available for Mobile and 6 Months for Accessories,https://www.flipkart.com/y2-blue-32-gb/p/itm4ce00106320c3?pid=MOBF9VE4D7F7KYYH&lid=LSTMOBF9VE4D7F7KYYHFQ5RET&marketplace=FLIPKART&q=xiaomi&store=tyy%2F4io&srno=s_3_69&otracker=search&fm=organic&iid=e7ee5e5d-faf9-41e1-bd57-4a40b268c4c6.MOBF9VE4D7F7KYYH.SEARCH&ppt=None&ppn=None&ssid=771bvck14w0000001744007660028&qH=ff5e66b76340c563
"K20 Pro (Carbon Black, 128 GB)","₹28,999","4.520,109 Ratings & 2,201 Reviews",6 GB RAM | 128 GB ROM16.23 cm (6.39 inch) Full HD+ Display48MP + 13MP + 8MP | 20MP Front Camera4000 mAh Li-polymer BatteryQualcomm Snapdragon 855 ProcessorBrand Warranty of 1 Year Available for Mobile and 6 Months for Accessories,https://www.flipkart.com/k20-pro-carbon-black-128-gb/p/itmfg7uysw6gs55a?pid=MOBFG7UYMCBRSQZ8&lid=LSTMOBFG7UYMCBRSQZ8VPP2VS&marketplace=FLIPKART&q=xiaomi&store=tyy%2F4io&srno=s_3_70&otracker=search&fm=organic&iid=e7ee5e5d-faf9-41e1-bd57-4a40b268c4c6.MOBFG7UYMCBRSQZ8.SEARCH&ppt=None&ppn=None&ssid=771bvck14w0000001744007660028&qH=ff5e66b76340c563
"Xiaomi 11i 5G (Purple Mist, 128 GB)","₹24,999","4.238,899 Ratings & 4,627 Reviews",6 GB RAM | 128 GB ROM | Expandable Upto 1 TB16.94 cm (6.67 inch) Full HD+ AMOLED Display108MP Rear Camera | 16MP Front Camera5160 mAh Li-Polymer BatteryMediatek Dimensity 920 Processor1 Year Manufacturer Warranty for Phone and 6 Months Warranty for in the Box Accessories,https://www.flipkart.com/xiaomi-11i-5g-purple-mist-128-gb/p/itmb0fd5926fb0d5?pid=MOBG9QXPSQHXHX6S&lid=LSTMOBG9QXPSQHXHX6SHKWAU0&marketplace=FLIPKART&q=xiaomi&store=tyy%2F4io&srno=s_3_71&otracker=search&fm=organic&iid=e7ee5e5d-faf9-41e1-bd57-4a40b268c4c6.MOBG9QXPSQHXHX6S.SEARCH&ppt=None&ppn=None&ssid=771bvck14w0000001744007660028&qH=ff5e66b76340c563
"Note 6 Pro (Black, 64 GB)","₹15,999","4.54,96,121 Ratings & 40,786 Reviews",4 GB RAM | 64 GB ROM | Expandable Upto 256 GB15.9 cm (6.26 inch) Full HD+ Display12MP + 5MP | 20MP + 2MP Dual Front Camera4000 mAh Li-polymer BatteryQualcomm Snapdragon 636 ProcessorBrand Warranty of 1 Year Available for Mobile and 6 Months for Accessories,https://www.flipkart.com/note-6-pro-black-64-gb/p/itm3528a196912ee?pid=MOBFAJB4CWKAZGPZ&lid=LSTMOBFAJB4CWKAZGPZVOYNQH&marketplace=FLIPKART&q=xiaomi&store=tyy%2F4io&srno=s_3_72&otracker=search&fm=organic&iid=e7ee5e5d-faf9-41e1-bd57-4a40b268c4c6.MOBFAJB4CWKAZGPZ.SEARCH&ppt=None&ppn=None&ssid=771bvck14w0000001744007660028&qH=ff5e66b76340c563
"Note 6 Pro (Black, 64 GB)","₹15,999","4.54,96,121 Ratings & 40,786 Reviews",4 GB RAM | 64 GB ROM | Expandable Upto 256 GB15.9 cm (6.26 inch) Full HD+ Display12MP + 5MP | 20MP + 2MP Dual Front Camera4000 mAh Li-polymer BatteryQualcomm Snapdragon 636 ProcessorBrand Warranty of 1 Year Available for Mobile and 6 Months for Accessories,https://www.flipkart.com/note-6-pro-black-64-gb/p/itm3528a196912ee?pid=MOBFAJB4CWKAZGPZ&lid=LSTMOBFAJB4CWKAZGPZVOYNQH&marketplace=FLIPKART&q=xiaomi&store=tyy%2F4io&srno=s_4_73&otracker=search&fm=organic&iid=269094fb-48d6-4ce1-b1b9-4f6217a221bd.MOBFAJB4CWKAZGPZ.SEARCH&ppt=None&ppn=None&ssid=6k05cqef280000001744007671932&qH=ff5e66b76340c563
"REDMI A3X (Ocean Green, 64 GB)","₹6,199","4.12,309 Ratings & 95 Reviews",3 GB RAM | 64 GB ROM | Expandable Upto 1 TB17.04 cm (6.71 inch) HD+ Display8MP Rear Camera | 5MP Front Camera5000 mAh Battery1 Year Manufacturer Warranty for Phone and 6 Months Warranty for In the Box Accessories,https://www.flipkart.com/redmi-a3x-ocean-green-64-gb/p/itmae02f9f3f765a?pid=MOBH2YYZTAGANHRG&lid=LSTMOBH2YYZTAGANHRGESK4PY&marketplace=FLIPKART&q=xiaomi&store=tyy%2F4io&spotlightTagId=default_BestsellerId_tyy%2F4io&srno=s_4_74&otracker=search&fm=organic&iid=269094fb-48d6-4ce1-b1b9-4f6217a221bd.MOBH2YYZTAGANHRG.SEARCH&ppt=None&ppn=None&ssid=6k05cqef280000001744007671932&qH=ff5e66b76340c563
"REDMI A3X (Midnight Black, 128 GB)","₹6,999","4.21,495 Ratings & 76 Reviews",4 GB RAM | 128 GB ROM | Expandable Upto 1 TB17.04 cm (6.71 inch) HD+ Display8MP Rear Camera | 5MP Front Camera5000 mAh Battery1 Year Manufacturer Warranty for Phone and 6 Months Warranty for In the Box Accessories,https://www.flipkart.com/redmi-a3x-midnight-black-128-gb/p/itmae02f9f3f765a?pid=MOBH22XZZBQHFVS2&lid=LSTMOBH22XZZBQHFVS2ZJBVLP&marketplace=FLIPKART&q=xiaomi&store=tyy%2F4io&srno=s_4_75&otracker=search&fm=organic&iid=269094fb-48d6-4ce1-b1b9-4f6217a221bd.MOBH22XZZBQHFVS2.SEARCH&ppt=None&ppn=None&ssid=6k05cqef280000001744007671932&qH=ff5e66b76340c563
"REDMI A3X (Olive Green, 128 GB)","₹6,999","4.21,495 Ratings & 76 Reviews",4 GB RAM | 128 GB ROM | Expandable Upto 1 TB17.04 cm (6.71 inch) HD+ Display8MP Rear Camera | 5MP Front Camera5000 mAh Battery1 Year Manufacturer Warranty for Phone and 6 Months Warranty for In the Box Accessories,https://www.flipkart.com/redmi-a3x-olive-green-128-gb/p/itmae02f9f3f765a?pid=MOBH22XZNAYUF44R&lid=LSTMOBH22XZNAYUF44REAHYV9&marketplace=FLIPKART&q=xiaomi&store=tyy%2F4io&srno=s_4_76&otracker=search&fm=organic&iid=269094fb-48d6-4ce1-b1b9-4f6217a221bd.MOBH22XZNAYUF44R.SEARCH&ppt=None&ppn=None&ssid=6k05cqef280000001744007671932&qH=ff5e66b76340c563
"REDMI A3X (Midnight Black, 64 GB)","₹6,199","4.12,309 Ratings & 95 Reviews",3 GB RAM | 64 GB ROM | Expandable Upto 1 TB17.04 cm (6.71 inch) HD+ Display8MP Rear Camera | 5MP Front Camera5000 mAh Battery1 Year Manufacturer Warranty for Phone and 6 Months Warranty for In the Box Accessories,https://www.flipkart.com/redmi-a3x-midnight-black-64-gb/p/itmae02f9f3f765a?pid=MOBH2YYZES7Y5H8K&lid=LSTMOBH2YYZES7Y5H8KOV8JEN&marketplace=FLIPKART&q=xiaomi&store=tyy%2F4io&spotlightTagId=default_BestsellerId_tyy%2F4io&srno=s_4_77&otracker=search&fm=organic&iid=269094fb-48d6-4ce1-b1b9-4f6217a221bd.MOBH2YYZES7Y5H8K.SEARCH&ppt=None&ppn=None&ssid=6k05cqef280000001744007671932&qH=ff5e66b76340c563
"REDMI A3X (Olive Green, 64 GB)","₹6,199","4.12,309 Ratings & 95 Reviews",3 GB RAM | 64 GB ROM | Expandable Upto 1 TB17.04 cm (6.71 inch) HD+ Display8MP Rear Camera | 5MP Front Camera5000 mAh Battery1 Year Manufacturer Warranty for Phone and 6 Months Warranty for In the Box Accessories,https://www.flipkart.com/redmi-a3x-olive-green-64-gb/p/itmae02f9f3f765a?pid=MOBH2YYZPZ32HS9T&lid=LSTMOBH2YYZPZ32HS9TBHHZP4&marketplace=FLIPKART&q=xiaomi&store=tyy%2F4io&spotlightTagId=default_BestsellerId_tyy%2F4io&srno=s_4_78&otracker=search&fm=organic&iid=269094fb-48d6-4ce1-b1b9-4f6217a221bd.MOBH2YYZPZ32HS9T.SEARCH&ppt=None&ppn=None&ssid=6k05cqef280000001744007671932&qH=ff5e66b76340c563
"REDMI A3X (Ocean Green, 128 GB)","₹6,999","4.21,495 Ratings & 76 Reviews",4 GB RAM | 128 GB ROM | Expandable Upto 1 TB17.04 cm (6.71 inch) HD+ Display8MP Rear Camera | 5MP Front Camera5000 mAh Battery1 Year Manufacturer Warranty for Phone and 6 Months Warranty for In the Box Accessories,https://www.flipkart.com/redmi-a3x-ocean-green-128-gb/p/itmae02f9f3f765a?pid=MOBH22XZ94F6P6QV&lid=LSTMOBH22XZ94F6P6QVR3JTOK&marketplace=FLIPKART&q=xiaomi&store=tyy%2F4io&srno=s_4_79&otracker=search&fm=organic&iid=269094fb-48d6-4ce1-b1b9-4f6217a221bd.MOBH22XZ94F6P6QV.SEARCH&ppt=None&ppn=None&ssid=6k05cqef280000001744007671932&qH=ff5e66b76340c563
"REDMI 13 5G (Hawaiian Blue, 128 GB)","₹12,499","4.329,248 Ratings & 1,536 Reviews",6 GB RAM | 128 GB ROM | Expandable Upto 1 TB17.25 cm (6.79 inch) Full HD+ Display108MP + 2MP | 13MP Front Camera5030 mAh Lithium Polymer Battery4 Gen 2 AE Processor1 Year Manufacturer Warranty for Phone and 6 Months Warranty for In the Box Accessories,https://www.flipkart.com/redmi-13-5g-hawaiian-blue-128-gb/p/itmede93b8d7b1a4?pid=MOBH45GGFZNWZMK6&lid=LSTMOBH45GGFZNWZMK6NXS5CG&marketplace=FLIPKART&q=xiaomi&store=tyy%2F4io&srno=s_4_80&otracker=search&fm=organic&iid=269094fb-48d6-4ce1-b1b9-4f6217a221bd.MOBH45GGFZNWZMK6.SEARCH&ppt=None&ppn=None&ssid=6k05cqef280000001744007671932&qH=ff5e66b76340c563
"REDMI A4 (Sparkle Purple, 128 GB)","₹9,599","4.33,778 Ratings & 206 Reviews",4 GB RAM | 128 GB ROM17.48 cm (6.88 inch) Display50MP Rear Camera5160 mAh Battery1 Year,https://www.flipkart.com/redmi-a4-sparkle-purple-128-gb/p/itmf6a8b6a3d4395?pid=MOBH6YHDGD57AVHX&lid=LSTMOBH6YHDGD57AVHXNLHXT4&marketplace=FLIPKART&q=xiaomi&store=tyy%2F4io&srno=s_4_81&otracker=search&fm=organic&iid=269094fb-48d6-4ce1-b1b9-4f6217a221bd.MOBH6YHDGD57AVHX.SEARCH&ppt=None&ppn=None&ssid=6k05cqef280000001744007671932&qH=ff5e66b76340c563
"REDMI 13 5G (Black Diamond, 128 GB)","₹12,499","4.329,248 Ratings & 1,536 Reviews",6 GB RAM | 128 GB ROM | Expandable Upto 1 TB17.25 cm (6.79 inch) Full HD+ Display108MP + 2MP | 13MP Front Camera5030 mAh Lithium Polymer Battery4 Gen 2 AE Processor1 Year Manufacturer Warranty for Phone and 6 Months Warranty for In the Box Accessories,https://www.flipkart.com/redmi-13-5g-black-diamond-128-gb/p/itmde242bdffbf34?pid=MOBH45GGGWHAG3GC&lid=LSTMOBH45GGGWHAG3GCRTVLSV&marketplace=FLIPKART&q=xiaomi&store=tyy%2F4io&srno=s_4_82&otracker=search&fm=organic&iid=269094fb-48d6-4ce1-b1b9-4f6217a221bd.MOBH45GGGWHAG3GC.SEARCH&ppt=None&ppn=None&ssid=6k05cqef280000001744007671932&qH=ff5e66b76340c563
"REDMI 14C 5G (Stardust Purple, 64 GB)","₹9,499",4.2765 Ratings & 52 Reviews,4 GB RAM | 64 GB ROM | Expandable Upto 1 TB17.48 cm (6.88 inch) HD+ Display50MP Rear Camera | 8MP Front Camera5160 mAh Battery4 Gen 2 5G Processor1 Year Manufacturer Warranty for Phone and 6 Months Warranty for In the Box Accessories,https://www.flipkart.com/redmi-14c-5g-stardust-purple-64-gb/p/itm891e2331b34d8?pid=MOBH7VY5YRVW9M5Y&lid=LSTMOBH7VY5YRVW9M5YGEEBSG&marketplace=FLIPKART&q=xiaomi&store=tyy%2F4io&srno=s_4_83&otracker=search&fm=organic&iid=269094fb-48d6-4ce1-b1b9-4f6217a221bd.MOBH7VY5YRVW9M5Y.SEARCH&ppt=None&ppn=None&ssid=6k05cqef280000001744007671932&qH=ff5e66b76340c563
"REDMI 13 5G (Orchid Pink, 128 GB)","₹12,499","4.329,248 Ratings & 1,536 Reviews",6 GB RAM | 128 GB ROM | Expandable Upto 1 TB17.25 cm (6.79 inch) Full HD+ Display108MP + 2MP | 13MP Front Camera5030 mAh Lithium Polymer Battery4 Gen 2 AE Processor1 Year Manufacturer Warranty for Phone and 6 Months Warranty for In the Box Accessories,https://www.flipkart.com/redmi-13-5g-orchid-pink-128-gb/p/itmede93b8d7b1a4?pid=MOBH45GGDNHMPRSD&lid=LSTMOBH45GGDNHMPRSDVNH3T5&marketplace=FLIPKART&q=xiaomi&store=tyy%2F4io&srno=s_4_84&otracker=search&fm=organic&iid=269094fb-48d6-4ce1-b1b9-4f6217a221bd.MOBH45GGDNHMPRSD.SEARCH&ppt=None&ppn=None&ssid=6k05cqef280000001744007671932&qH=ff5e66b76340c563
"REDMI Note 13 5G (Chromatic Purple, 256 GB)","₹16,499","4.217,360 Ratings & 1,019 Reviews",8 GB RAM | 256 GB ROM | Expandable Upto 1 TB16.94 cm (6.67 inch) Full HD+ Display108MP + 2MP | 16MP Front Camera5000 mAh BatteryDimensity 6080 Processor1 Year Manufacturer Warranty for Phone and 6 Months Warranty for In the Box Accessories,https://www.flipkart.com/redmi-note-13-5g-chromatic-purple-256-gb/p/itm9d97c0729ac35?pid=MOBHFM37FTDRENMH&lid=LSTMOBHFM37FTDRENMHD2T1LD&marketplace=FLIPKART&q=xiaomi&store=tyy%2F4io&srno=s_4_85&otracker=search&fm=organic&iid=269094fb-48d6-4ce1-b1b9-4f6217a221bd.MOBHFM37FTDRENMH.SEARCH&ppt=None&ppn=None&ssid=6k05cqef280000001744007671932&qH=ff5e66b76340c563
"REDMI A4 5G only on Jio SIM (Sparkle Purple, 64 GB)","₹8,955","4.33,778 Ratings & 206 Reviews",4 GB RAM | 64 GB ROM17.48 cm (6.88 inch) Display50MP Rear Camera5160 mAh Battery1 Year,https://www.flipkart.com/redmi-a4-5g-only-jio-sim-sparkle-purple-64-gb/p/itmf6a8b6a3d4395?pid=MOBH6YHE6BMAY9EA&lid=LSTMOBH6YHE6BMAY9EALSLTK0&marketplace=FLIPKART&q=xiaomi&store=tyy%2F4io&srno=s_4_86&otracker=search&fm=organic&iid=269094fb-48d6-4ce1-b1b9-4f6217a221bd.MOBH6YHE6BMAY9EA.SEARCH&ppt=None&ppn=None&ssid=6k05cqef280000001744007671932&qH=ff5e66b76340c563
"REDMI 13 5G (Black Diamond, 128 GB)","₹13,999","4.26,758 Ratings & 389 Reviews",8 GB RAM | 128 GB ROM | Expandable Upto 1 TB17.25 cm (6.79 inch) Full HD+ Display108MP + 2MP | 13MP Front Camera5030 mAh Lithium Polymer Battery4 Gen 2 AE Processor1 Year Manufacturer Warranty for Phone and 6 Months Warranty for In the Box Accessories,https://www.flipkart.com/redmi-13-5g-black-diamond-128-gb/p/itmde242bdffbf34?pid=MOBH45GGMG8SJY2B&lid=LSTMOBH45GGMG8SJY2BAVQYJB&marketplace=FLIPKART&q=xiaomi&store=tyy%2F4io&srno=s_4_87&otracker=search&fm=organic&iid=269094fb-48d6-4ce1-b1b9-4f6217a221bd.MOBH45GGMG8SJY2B.SEARCH&ppt=None&ppn=None&ssid=6k05cqef280000001744007671932&qH=ff5e66b76340c563
"REDMI A4 5G only on Jio SIM (Starry Black, 64 GB)","₹8,899","4.33,778 Ratings & 206 Reviews",4 GB RAM | 64 GB ROM17.48 cm (6.88 inch) Display50MP Rear Camera5160 mAh Battery1 Year,https://www.flipkart.com/redmi-a4-5g-only-jio-sim-starry-black-64-gb/p/itmf6a8b6a3d4395?pid=MOBH6YHEYUZGGFZQ&lid=LSTMOBH6YHEYUZGGFZQQEOG0N&marketplace=FLIPKART&q=xiaomi&store=tyy%2F4io&srno=s_4_88&otracker=search&fm=organic&iid=269094fb-48d6-4ce1-b1b9-4f6217a221bd.MOBH6YHEYUZGGFZQ.SEARCH&ppt=None&ppn=None&ssid=6k05cqef280000001744007671932&qH=ff5e66b76340c563
"REDMI Note 13 5G (Arctic White, 256 GB)","₹17,499","4.217,360 Ratings & 1,019 Reviews",8 GB RAM | 256 GB ROM16.94 cm (6.67 inch) Display108MP Rear Camera5000 mAh Battery1 Year Brand Warranty,https://www.flipkart.com/redmi-note-13-5g-arctic-white-256-gb/p/itm0ca1fb9ca3a5d?pid=MOBGXFFMY54GVFCJ&lid=LSTMOBGXFFMY54GVFCJAJUDAE&marketplace=FLIPKART&q=xiaomi&store=tyy%2F4io&srno=s_4_89&otracker=search&fm=organic&iid=269094fb-48d6-4ce1-b1b9-4f6217a221bd.MOBGXFFMY54GVFCJ.SEARCH&ppt=None&ppn=None&ssid=6k05cqef280000001744007671932&qH=ff5e66b76340c563
"REDMI A4 5G only on Jio SIM (Starry Black, 128 GB)","₹9,599","4.33,778 Ratings & 206 Reviews",4 GB RAM | 128 GB ROM17.48 cm (6.88 inch) Display50MP Rear Camera5160 mAh Battery1 Year,https://www.flipkart.com/redmi-a4-5g-only-jio-sim-starry-black-128-gb/p/itmf6a8b6a3d4395?pid=MOBH6YHD5HTVZZHK&lid=LSTMOBH6YHD5HTVZZHKSNEN5H&marketplace=FLIPKART&q=xiaomi&store=tyy%2F4io&srno=s_4_90&otracker=search&fm=organic&iid=269094fb-48d6-4ce1-b1b9-4f6217a221bd.MOBH6YHD5HTVZZHK.SEARCH&ppt=None&ppn=None&ssid=6k05cqef280000001744007671932&qH=ff5e66b76340c563
"REDMI A3 (Olive Green, 128 GB)","₹8,596","4.15,892 Ratings & 294 Reviews",6 GB RAM | 128 GB ROM | Expandable Upto 1 TB17.04 cm (6.71 inch) HD+ Display8MP Rear Camera | 5MP Front Camera5000 mAh BatteryMediatek Helio G36 Processor1 Year Manufacturer Warranty for Phone and 6 Months Warranty for In the Box Accessories,https://www.flipkart.com/redmi-a3-olive-green-128-gb/p/itm4fc9349645e90?pid=MOBGZF9P4DYENNGM&lid=LSTMOBGZF9P4DYENNGMHIEINF&marketplace=FLIPKART&q=xiaomi&store=tyy%2F4io&srno=s_4_91&otracker=search&fm=organic&iid=269094fb-48d6-4ce1-b1b9-4f6217a221bd.MOBGZF9P4DYENNGM.SEARCH&ppt=None&ppn=None&ssid=6k05cqef280000001744007671932&qH=ff5e66b76340c563
"REDMI 12 (Jade Black, 128 GB)","₹12,400","4.273,884 Ratings & 4,396 Reviews",6 GB RAM | 128 GB ROM | Expandable Upto 1 TB17.25 cm (6.79 inch) Full HD+ Display50MP + 8MP + 2MP | 8MP Front Camera5000 mAh BatteryHelio G88 Processor1 Year Manufacturer Warranty for Phone and 6 Months Warranty for in the Box Accessories,https://www.flipkart.com/redmi-12-jade-black-128-gb/p/itmb7050ec01c09f?pid=MOBGZF9PZHSZZSEA&lid=LSTMOBGZF9PZHSZZSEAZMFXIS&marketplace=FLIPKART&q=xiaomi&store=tyy%2F4io&srno=s_4_92&otracker=search&fm=organic&iid=269094fb-48d6-4ce1-b1b9-4f6217a221bd.MOBGZF9PZHSZZSEA.SEARCH&ppt=None&ppn=None&ssid=6k05cqef280000001744007671932&qH=ff5e66b76340c563
"REDMI A3 (Olive Green, 64 GB)","₹7,499","4.13,167 Ratings & 128 Reviews",3 GB RAM | 64 GB ROM | Expandable Upto 1 TB17.04 cm (6.71 inch) HD+ Display8MP Rear Camera | 5MP Front Camera5000 mAh BatteryMediatk Helio G36 Processor1 Year Manufacturer Warranty for Phone and 6 Months Warranty for In the Box Accessories,https://www.flipkart.com/redmi-a3-olive-green-64-gb/p/itm4fc9349645e90?pid=MOBGYFZMYHYMSNG7&lid=LSTMOBGYFZMYHYMSNG7HNVKO9&marketplace=FLIPKART&q=xiaomi&store=tyy%2F4io&srno=s_4_93&otracker=search&fm=organic&iid=269094fb-48d6-4ce1-b1b9-4f6217a221bd.MOBGYFZMYHYMSNG7.SEARCH&ppt=None&ppn=None&ssid=6k05cqef280000001744007671932&qH=ff5e66b76340c563
"REDMI 13 5G (Hawaiian Blue, 128 GB)","₹13,999","4.26,758 Ratings & 389 Reviews",8 GB RAM | 128 GB ROM | Expandable Upto 1 TB17.25 cm (6.79 inch) Full HD+ Display108MP + 2MP | 13MP Front Camera5030 mAh Lithium Polymer Battery4 Gen 2 AE Processor1 Year Manufacturer Warranty for Phone and 6 Months Warranty for In the Box Accessories,https://www.flipkart.com/redmi-13-5g-hawaiian-blue-128-gb/p/itmede93b8d7b1a4?pid=MOBH45GGEC8AHEQY&lid=LSTMOBH45GGEC8AHEQYO2WKF1&marketplace=FLIPKART&q=xiaomi&store=tyy%2F4io&srno=s_4_94&otracker=search&fm=organic&iid=269094fb-48d6-4ce1-b1b9-4f6217a221bd.MOBH45GGEC8AHEQY.SEARCH&ppt=None&ppn=None&ssid=6k05cqef280000001744007671932&qH=ff5e66b76340c563
"REDMI 13 5G (Hawaiian Blue, 128 GB)","₹15,499","4.26,758 Ratings & 389 Reviews",8 GB RAM | 128 GB ROM17.25 cm (6.79 inch) Display108MP Rear Camera5030 mAh BatteryBrand Warranty,https://www.flipkart.com/redmi-13-5g-hawaiian-blue-128-gb/p/itmede93b8d7b1a4?pid=MOBH2SUHMUYBZSHY&lid=LSTMOBH2SUHMUYBZSHYA6TNFY&marketplace=FLIPKART&q=xiaomi&store=tyy%2F4io&srno=s_4_95&otracker=search&fm=organic&iid=269094fb-48d6-4ce1-b1b9-4f6217a221bd.MOBH2SUHMUYBZSHY.SEARCH&ppt=None&ppn=None&ssid=6k05cqef280000001744007671932&qH=ff5e66b76340c563
"REDMI 13 5G (Orchid Pink, 128 GB)","₹13,999","4.26,758 Ratings & 389 Reviews",8 GB RAM | 128 GB ROM | Expandable Upto 1 TB17.25 cm (6.79 inch) Full HD+ Display108MP + 2MP | 13MP Front Camera5030 mAh Lithium Polymer Battery4 Gen 2 AE Processor1 Year Manufacturer Warranty for Phone and 6 Months Warranty for In the Box Accessories,https://www.flipkart.com/redmi-13-5g-orchid-pink-128-gb/p/itmede93b8d7b1a4?pid=MOBH45GGJWHCYHFC&lid=LSTMOBH45GGJWHCYHFCDYF9FC&marketplace=FLIPKART&q=xiaomi&store=tyy%2F4io&srno=s_4_96&otracker=search&fm=organic&iid=269094fb-48d6-4ce1-b1b9-4f6217a221bd.MOBH45GGJWHCYHFC.SEARCH&ppt=None&ppn=None&ssid=6k05cqef280000001744007671932&qH=ff5e66b76340c563
"REDMI 14C 5G (Stardust Purple, 128 GB)","₹11,499","4.31,299 Ratings & 86 Reviews",6 GB RAM | 128 GB ROM | Expandable Upto 1 TB17.48 cm (6.88 inch) HD+ Display50MP Rear Camera | 8MP Front Camera5160 mAh Battery4 Gen 2 5G Processor1 Year Manufacturer Warranty for Phone and 6 Months Warranty for In the Box Accessories,https://www.flipkart.com/redmi-14c-5g-stardust-purple-128-gb/p/itm891e2331b34d8?pid=MOBH7VY5TU7UHKVE&lid=LSTMOBH7VY5TU7UHKVEKSGU2H&marketplace=FLIPKART&q=xiaomi&store=tyy%2F4io&srno=s_5_97&otracker=search&fm=organic&iid=02eeb8c1-c1aa-48cf-94bf-c81d298374a5.MOBH7VY5TU7UHKVE.SEARCH&ppt=None&ppn=None&ssid=26aa27mh800000001744007683981&qH=ff5e66b76340c563
"REDMI 13 5G (Black Diamond, 128 GB)","₹12,327","4.329,248 Ratings & 1,536 Reviews",6 GB RAM | 128 GB ROM17.25 cm (6.79 inch) Full HD+ Display108MP Rear Camera5030 mAh BatteryQualcomm SM4450 Snapdragon 4 Gen 2 AE (4 nm) Processor1 year manufacture warranty,https://www.flipkart.com/redmi-13-5g-black-diamond-128-gb/p/itmde242bdffbf34?pid=MOBH2SSRTAJXYZKH&lid=LSTMOBH2SSRTAJXYZKHOZHNCO&marketplace=FLIPKART&q=xiaomi&store=tyy%2F4io&srno=s_5_98&otracker=search&fm=organic&iid=02eeb8c1-c1aa-48cf-94bf-c81d298374a5.MOBH2SSRTAJXYZKH.SEARCH&ppt=None&ppn=None&ssid=26aa27mh800000001744007683981&qH=ff5e66b76340c563
"REDMI 13 5G (Orchid Pink, 128 GB)","₹12,329","4.329,248 Ratings & 1,536 Reviews",6 GB RAM | 128 GB ROM17.25 cm (6.79 inch) Full HD+ Display108MP Rear Camera5030 mAh BatteryQualcomm SM4450 Snapdragon 4 Gen 2 AE (4 nm) Processor1 year manufacture warranty,https://www.flipkart.com/redmi-13-5g-orchid-pink-128-gb/p/itmede93b8d7b1a4?pid=MOBH2UPGHDHVG2XY&lid=LSTMOBH2UPGHDHVG2XYW8UKL2&marketplace=FLIPKART&q=xiaomi&store=tyy%2F4io&srno=s_5_99&otracker=search&fm=organic&iid=02eeb8c1-c1aa-48cf-94bf-c81d298374a5.MOBH2UPGHDHVG2XY.SEARCH&ppt=None&ppn=None&ssid=26aa27mh800000001744007683981&qH=ff5e66b76340c563
"REDMI Note 14 5G (Phantom Purple, 128 GB)","₹17,463","4.41,032 Ratings & 54 Reviews",6 GB RAM | 128 GB ROM16.94 cm (6.67 inch) Display50MP Rear Camera5110 mAh Battery1 Year,https://www.flipkart.com/redmi-note-14-5g-phantom-purple-128-gb/p/itm11a447d125328?pid=MOBH78KTCGW6YZKF&lid=LSTMOBH78KTCGW6YZKFRYSXTH&marketplace=FLIPKART&q=xiaomi&store=tyy%2F4io&srno=s_5_100&otracker=search&fm=organic&iid=02eeb8c1-c1aa-48cf-94bf-c81d298374a5.MOBH78KTCGW6YZKF.SEARCH&ppt=None&ppn=None&ssid=26aa27mh800000001744007683981&qH=ff5e66b76340c563
"REDMI 13 5G (Black Diamond, 128 GB)","₹13,966","4.26,758 Ratings & 389 Reviews",8 GB RAM | 128 GB ROM17.25 cm (6.79 inch) Display108MP Rear Camera5030 mAh BatteryBrand Warranty,https://www.flipkart.com/redmi-13-5g-black-diamond-128-gb/p/itmde242bdffbf34?pid=MOBH2SU8G4RW85RG&lid=LSTMOBH2SU8G4RW85RG1K6NO7&marketplace=FLIPKART&q=xiaomi&store=tyy%2F4io&srno=s_5_101&otracker=search&fm=organic&iid=02eeb8c1-c1aa-48cf-94bf-c81d298374a5.MOBH2SU8G4RW85RG.SEARCH&ppt=None&ppn=None&ssid=26aa27mh800000001744007683981&qH=ff5e66b76340c563
"REDMI 14C 5G (Stargaze Black, 128 GB)","₹10,499",4.2765 Ratings & 52 Reviews,4 GB RAM | 128 GB ROM | Expandable Upto 1 TB17.48 cm (6.88 inch) HD+ Display50MP Rear Camera | 8MP Front Camera5160 mAh Battery4 Gen 2 5G Processor1 Year Manufacturer Warranty for Phone and 6 Months Warranty for In the Box Accessories,https://www.flipkart.com/redmi-14c-5g-stargaze-black-128-gb/p/itm891e2331b34d8?pid=MOBH7VY5AHBMTFQQ&lid=LSTMOBH7VY5AHBMTFQQJ4MFS3&marketplace=FLIPKART&q=xiaomi&store=tyy%2F4io&srno=s_5_102&otracker=search&fm=organic&iid=02eeb8c1-c1aa-48cf-94bf-c81d298374a5.MOBH7VY5AHBMTFQQ.SEARCH&ppt=None&ppn=None&ssid=26aa27mh800000001744007683981&qH=ff5e66b76340c563
"REDMI Note 13 5G (Arctic White, 128 GB)","₹16,495","4.229,277 Ratings & 1,709 Reviews",6 GB RAM | 128 GB ROM16.94 cm (6.67 inch) Display108MP Rear Camera5000 mAh Battery1 Year Brand Warranty,https://www.flipkart.com/redmi-note-13-5g-arctic-white-128-gb/p/itm0ca1fb9ca3a5d?pid=MOBGXYWXEJMWZYUR&lid=LSTMOBGXYWXEJMWZYURJZHHLI&marketplace=FLIPKART&q=xiaomi&store=tyy%2F4io&srno=s_5_103&otracker=search&fm=organic&iid=02eeb8c1-c1aa-48cf-94bf-c81d298374a5.MOBGXYWXEJMWZYUR.SEARCH&ppt=None&ppn=None&ssid=26aa27mh800000001744007683981&qH=ff5e66b76340c563
"REDMI 13C 5G (Starlight Black, 128 GB)","₹11,299","4.337,807 Ratings & 1,626 Reviews",6 GB RAM | 128 GB ROM | Expandable Upto 1 TB17.12 cm (6.74 inch) HD+ Display50MP Rear Camera | 5MP Front Camera5000 mAh BatteryMediatek Dimensity 6100+ Processor1 Year Manufacturer Warranty for Phone and 6 Months Warranty for In the Box Accessories,https://www.flipkart.com/redmi-13c-5g-starlight-black-128-gb/p/itm54938652090ad?pid=MOBHY3B27G3PBHVU&lid=LSTMOBHY3B27G3PBHVUHTXYDV&marketplace=FLIPKART&q=xiaomi&store=tyy%2F4io&srno=s_5_104&otracker=search&fm=organic&iid=02eeb8c1-c1aa-48cf-94bf-c81d298374a5.MOBHY3B27G3PBHVU.SEARCH&ppt=None&ppn=None&ssid=26aa27mh800000001744007683981&qH=ff5e66b76340c563
"REDMI 14C 5G (Starlight Blue, 128 GB)","₹11,499","4.31,299 Ratings & 86 Reviews",6 GB RAM | 128 GB ROM | Expandable Upto 1 TB17.48 cm (6.88 inch) HD+ Display50MP Rear Camera | 8MP Front Camera5160 mAh Battery4 Gen 2 5G Processor1 Year Manufacturer Warranty for Phone and 6 Months Warranty for In the Box Accessories,https://www.flipkart.com/redmi-14c-5g-starlight-blue-128-gb/p/itm891e2331b34d8?pid=MOBH7VY5YARV2ZJS&lid=LSTMOBH7VY5YARV2ZJSKGBQ4O&marketplace=FLIPKART&q=xiaomi&store=tyy%2F4io&srno=s_5_105&otracker=search&fm=organic&iid=02eeb8c1-c1aa-48cf-94bf-c81d298374a5.MOBH7VY5YARV2ZJS.SEARCH&ppt=None&ppn=None&ssid=26aa27mh800000001744007683981&qH=ff5e66b76340c563
"REDMI 13 5G (Hawaiian Blue, 128 GB)","₹12,295","4.329,248 Ratings & 1,536 Reviews",6 GB RAM | 128 GB ROM17.25 cm (6.79 inch) Full HD+ Display108MP Rear Camera5030 mAh BatteryQualcomm SM4450 Snapdragon 4 Gen 2 AE (4 nm) Processor1 year manufacture warranty,https://www.flipkart.com/redmi-13-5g-hawaiian-blue-128-gb/p/itmede93b8d7b1a4?pid=MOBH2SS96VEZUVX4&lid=LSTMOBH2SS96VEZUVX4AZIF8D&marketplace=FLIPKART&q=xiaomi&store=tyy%2F4io&srno=s_5_106&otracker=search&fm=organic&iid=02eeb8c1-c1aa-48cf-94bf-c81d298374a5.MOBH2SS96VEZUVX4.SEARCH&ppt=None&ppn=None&ssid=26aa27mh800000001744007683981&qH=ff5e66b76340c563
"REDMI Note 13 Pro 5G (Scarlet Red, 128 GB)","₹19,299","4.336,267 Ratings & 2,869 Reviews",8 GB RAM | 128 GB ROM16.94 cm (6.67 inch) Display200MP Rear Camera5100 mAh BatteryDomestic 1 Year Manufacturer Warranty for Phone and 6 Months Warranty for In the Box Accessories,https://www.flipkart.com/redmi-note-13-pro-5g-scarlet-red-128-gb/p/itmff04a1b8e153d?pid=MOBH3FK3Q64XBYHZ&lid=LSTMOBH3FK3Q64XBYHZW560SM&marketplace=FLIPKART&q=xiaomi&store=tyy%2F4io&srno=s_5_107&otracker=search&fm=organic&iid=02eeb8c1-c1aa-48cf-94bf-c81d298374a5.MOBH3FK3Q64XBYHZ.SEARCH&ppt=None&ppn=None&ssid=26aa27mh800000001744007683981&qH=ff5e66b76340c563
"REDMI 14C 5G (Stargaze Black, 128 GB)","₹13,499","4.31,299 Ratings & 86 Reviews",6 GB RAM | 128 GB ROM | Expandable Upto 1 TB17.48 cm (6.88 inch) HD+ Display50MP Rear Camera | 8MP Front Camera5160 mAh Battery4 Gen 2 5G Processor1 Year Manufacturer Warranty for Phone and 6 Months Warranty for In the Box Accessories,https://www.flipkart.com/redmi-14c-5g-stargaze-black-128-gb/p/itm891e2331b34d8?pid=MOBH92ADVQY5DX3H&lid=LSTMOBH92ADVQY5DX3HOPWF8S&marketplace=FLIPKART&q=xiaomi&store=tyy%2F4io&srno=s_5_108&otracker=search&fm=organic&iid=02eeb8c1-c1aa-48cf-94bf-c81d298374a5.MOBH92ADVQY5DX3H.SEARCH&ppt=None&ppn=None&ssid=26aa27mh800000001744007683981&qH=ff5e66b76340c563
"REDMI A3 (Midnight Black, 64 GB)","₹7,130","4.13,167 Ratings & 128 Reviews",3 GB RAM | 64 GB ROM | Expandable Upto 1 TB17.04 cm (6.71 inch) HD+ Display8MP Rear Camera | 5MP Front Camera5000 mAh BatteryMediatek Helio G36 Processor1 Year Manufacturer Warranty for Phone and 6 Months Warranty for In the Box Accessories,https://www.flipkart.com/redmi-a3-midnight-black-64-gb/p/itma0ee8ce125124?pid=MOBGYFZMUQQREQ5Y&lid=LSTMOBGYFZMUQQREQ5YGB5HOT&marketplace=FLIPKART&q=xiaomi&store=tyy%2F4io&srno=s_5_109&otracker=search&fm=organic&iid=02eeb8c1-c1aa-48cf-94bf-c81d298374a5.MOBGYFZMUQQREQ5Y.SEARCH&ppt=None&ppn=None&ssid=26aa27mh800000001744007683981&qH=ff5e66b76340c563
"Mi 10T (Lunar Silver, 128 GB)","₹42,999","4.13,860 Ratings & 476 Reviews",8 GB RAM | 128 GB ROM16.94 cm (6.67 inch) Full HD+ Display64MP + 13MP + 5MP | 20MP Front Camera5000 mAh Li-ion Polymer BatteryQualcomm Snapdragon 865 Processor144Hz Intelligent AdaptiveSync Display33W Dual Split Flash Charge1 Year Manufacturer Warranty for Device and 6 Months Manufacturer Warranty for In-box Accessories,https://www.flipkart.com/mi-10t-lunar-silver-128-gb/p/itmdbebb315db61a?pid=MOBFWAFZNAFJN8YA&lid=LSTMOBFWAFZNAFJN8YAWQ49EV&marketplace=FLIPKART&q=xiaomi&store=tyy%2F4io&srno=s_5_110&otracker=search&fm=organic&iid=02eeb8c1-c1aa-48cf-94bf-c81d298374a5.MOBFWAFZNAFJN8YA.SEARCH&ppt=None&ppn=None&ssid=26aa27mh800000001744007683981&qH=ff5e66b76340c563
"Mi A2 (Blue/Lake Blue, 64 GB)","₹17,499","4.25,684 Ratings & 470 Reviews",4 GB RAM | 64 GB ROM15.21 cm (5.99 inch) Full HD+ Display20MP + 12MP | 20MP Front Camera3010 mAh BatteryQualcomm Snapdragon 660 AIE ProcessorBrand Warranty of 1 Year Available for Mobile and 6 Months for Battery and Accessories,https://www.flipkart.com/mi-a2-blue-lake-blue-64-gb/p/itm6587149b43a42?pid=MOBF95FKRKATKAK2&lid=LSTMOBF95FKRKATKAK2KRELZ3&marketplace=FLIPKART&q=xiaomi&store=tyy%2F4io&srno=s_5_111&otracker=search&fm=organic&iid=02eeb8c1-c1aa-48cf-94bf-c81d298374a5.MOBF95FKRKATKAK2.SEARCH&ppt=None&ppn=None&ssid=26aa27mh800000001744007683981&qH=ff5e66b76340c563
"9A (Nature Green, 32 GB)","₹8,499","4.316,366 Ratings & 973 Reviews",2 GB RAM | 32 GB ROM16.59 cm (6.53 inch) Full HD+ Display13MP Rear Camera5000 mAh Battery1 Year  Manufacturer Warranty,https://www.flipkart.com/9a-nature-green-32-gb/p/itmeabd39a0cd669?pid=MOBFVDA5QCGNZKH9&lid=LSTMOBFVDA5QCGNZKH9GU3PFH&marketplace=FLIPKART&q=xiaomi&store=tyy%2F4io&srno=s_5_112&otracker=search&fm=organic&iid=02eeb8c1-c1aa-48cf-94bf-c81d298374a5.MOBFVDA5QCGNZKH9.SEARCH&ppt=None&ppn=None&ssid=26aa27mh800000001744007683981&qH=ff5e66b76340c563
"7 (Eclipse Black, 32 GB)","₹9,999","4.314,400 Ratings & 1,073 Reviews",2 GB RAM | 32 GB ROM15.9 cm (6.26 inch) Display12MP Rear Camera4000 mAh Battery12 Months,https://www.flipkart.com/7-eclipse-black-32-gb/p/itmfgaz9w4ky2zyd?pid=MOBFGAXYRAREQ8XZ&lid=LSTMOBFGAXYRAREQ8XZXGWNRD&marketplace=FLIPKART&q=xiaomi&store=tyy%2F4io&srno=s_5_113&otracker=search&fm=organic&iid=02eeb8c1-c1aa-48cf-94bf-c81d298374a5.MOBFGAXYRAREQ8XZ.SEARCH&ppt=None&ppn=None&ssid=26aa27mh800000001744007683981&qH=ff5e66b76340c563
"A2 (Black, 64 GB)","₹17,499","4.220,965 Ratings & 1,748 Reviews",4 GB RAM | 64 GB ROM15.21 cm (5.99 inch) Full HD+ Display20MP + 12MP | 20MP Front Camera3010 mAh BatteryQualcomm Snapdragon 660 AIE ProcessorBrand Warranty of 1 Year Available for Mobile and 6 Months for Battery and Accessories,https://www.flipkart.com/a2-black-64-gb/p/itmfghsgahzh9byg?pid=MOBF95FKVHJGXWEW&lid=LSTMOBF95FKVHJGXWEWAOYORB&marketplace=FLIPKART&q=xiaomi&store=tyy%2F4io&srno=s_5_114&otracker=search&fm=organic&iid=02eeb8c1-c1aa-48cf-94bf-c81d298374a5.MOBF95FKVHJGXWEW.SEARCH&ppt=None&ppn=None&ssid=26aa27mh800000001744007683981&qH=ff5e66b76340c563
"6 (Black, 64 GB)","₹10,499","4.41,62,242 Ratings & 11,512 Reviews",3 GB RAM | 64 GB ROM | Expandable Upto 256 GB13.84 cm (5.45 inch) HD+ Display12MP + 5MP | 5MP Front Camera3000 mAh Lithium-polymer Battery2.0 GHz Mediatek P22 Octacore ProcessorBrand Warranty of 1 Year Available for Mobile and 6 Months for Accessories,https://www.flipkart.com/6-black-64-gb/p/itmdf93c982df80f?pid=MOBFA2NXDQFTXNHJ&lid=LSTMOBFA2NXDQFTXNHJINXHIL&marketplace=FLIPKART&q=xiaomi&store=tyy%2F4io&srno=s_5_115&otracker=search&fm=organic&iid=02eeb8c1-c1aa-48cf-94bf-c81d298374a5.MOBFA2NXDQFTXNHJ.SEARCH&ppt=None&ppn=None&ssid=26aa27mh800000001744007683981&qH=ff5e66b76340c563
"Y2 (Gold, 32 GB)","₹10,499","4.560,331 Ratings & 4,089 Reviews",3 GB RAM | 32 GB ROM | Expandable Upto 256 GB15.21 cm (5.99 inch) HD+ Display12MP + 5MP | 16MP Front Camera3080 mAh Li Polymer BatteryQualcomm Snapdragon 625 ProcessorBrand Warranty of 1 Year Available for Mobile and 6 Months for Accessories,https://www.flipkart.com/y2-gold-32-gb/p/itmfdkcmzchdrf3m?pid=MOBF7WPMVZHB5WKY&lid=LSTMOBF7WPMVZHB5WKYOU715I&marketplace=FLIPKART&q=xiaomi&store=tyy%2F4io&srno=s_5_116&otracker=search&fm=organic&iid=02eeb8c1-c1aa-48cf-94bf-c81d298374a5.MOBF7WPMVZHB5WKY.SEARCH&ppt=None&ppn=None&ssid=26aa27mh800000001744007683981&qH=ff5e66b76340c563
"REDMI NOTE 10 LITE (Glacier White, 128 GB)","₹14,999",4.2465 Ratings & 31 Reviews,4 GB RAM | 128 GB ROM16.94 cm (6.67 inch) Display48MP Rear Camera5020 mAh Battery12 months,https://www.flipkart.com/redmi-note-10-lite-glacier-white-128-gb/p/itmde31f59064927?pid=MOBG7PRH8KHAHZNH&lid=LSTMOBG7PRH8KHAHZNHMI9DQK&marketplace=FLIPKART&q=xiaomi&store=tyy%2F4io&srno=s_5_117&otracker=search&fm=organic&iid=02eeb8c1-c1aa-48cf-94bf-c81d298374a5.MOBG7PRH8KHAHZNH.SEARCH&ppt=None&ppn=None&ssid=26aa27mh800000001744007683981&qH=ff5e66b76340c563
"Mi A2 (Lake Blue, 128 GB)","₹20,500",4.1510 Ratings & 43 Reviews,6 GB RAM | 128 GB ROM15.21 cm (5.99 inch) Full HD+ Display20MP + 12MP | 20MP Front Camera3010 mAh BatteryQualcomm Snapdragon 660 AIE ProcessorBrand Warranty of 1 Year Available for Mobile and 6 Months for Battery and Accessories,https://www.flipkart.com/mi-a2-lake-blue-128-gb/p/itm6587149b43a42?pid=MOBFF7A53WRRXZXH&lid=LSTMOBFF7A53WRRXZXHVDMZTS&marketplace=FLIPKART&q=xiaomi&store=tyy%2F4io&srno=s_5_118&otracker=search&fm=organic&iid=02eeb8c1-c1aa-48cf-94bf-c81d298374a5.MOBFF7A53WRRXZXH.SEARCH&ppt=None&ppn=None&ssid=26aa27mh800000001744007683981&qH=ff5e66b76340c563
"Xiaomi 11Lite NE (Vinyl Black, 128 GB)","₹22,999","4.32,187 Ratings & 225 Reviews",8 GB RAM | 128 GB ROM | Expandable Upto 1 TB16.64 cm (6.55 inch) Full HD+ Display64MP + 8MP + 5MP | 20MP Front Camera4250 mAh BatteryQualcomm Snapdragon 778G ProcessorBrand Warranty of 1 Year Available for Mobile and 6 Months for Accessories,https://www.flipkart.com/xiaomi-11lite-ne-vinyl-black-128-gb/p/itme31941c31379f?pid=MOBG7F6CXRFJ8CF8&lid=LSTMOBG7F6CXRFJ8CF8MAXHOT&marketplace=FLIPKART&q=xiaomi&store=tyy%2F4io&srno=s_5_119&otracker=search&fm=organic&iid=02eeb8c1-c1aa-48cf-94bf-c81d298374a5.MOBG7F6CXRFJ8CF8.SEARCH&ppt=None&ppn=None&ssid=26aa27mh800000001744007683981&qH=ff5e66b76340c563
"(Refurbished) Mi Redmi Note 9 Pro (Interstellar Black, 128 GB)","₹7,499",3.7161 Ratings & 20 Reviews,Grade: Refurbished - SuperbCompatible Charger & Cable4 GB RAM | 128 GB ROM |6.67 inch Full HD+ Display48MP + 8MP Dual Rear Camera | 16MP Front Camera5020 mAh BatteryQualcomm Snapdragon 720G ProcessorSeller warranty of 1 Year,https://www.flipkart.com/refurbished-mi-redmi-note-9-pro-interstellar-black-128-gb/p/itm818897fcf4c02?pid=MFRH4ZCGVMYXQZYG&lid=LSTMFRH4ZCGVMYXQZYGSPTKVK&marketplace=FLIPKART&bu=REFURBISHED&q=xiaomi&store=tyy%2F4io&srno=s_5_120&otracker=search&fm=organic&iid=02eeb8c1-c1aa-48cf-94bf-c81d298374a5.MFRH4ZCGVMYXQZYG.SEARCH&ppt=None&ppn=None&ssid=26aa27mh800000001744007683981&qH=ff5e66b76340c563
